INCIDENT_ID,ORI,INCIDENT_DATE_STR,INCIDENT_TIME_STR,CITY,COUNTY,STATE,ZIP_CODE,MULTIPLE_LOCATIONS,ON_K12_CAMPUS,ARREST_MADE,CRIME_REPORT_FILED,CONTACT_REASON,IN_CUSTODY_REASON,NUM_INVOLVED_CIVILIANS,NUM_INVOLVED_OFFICERS,NUM_INVOLVED_AGENCIES
URSUS-01-0000-2020-212,CA0010000,4/24/2020,10:40,SUNOL,ALAMEDA,CA,94586,FALSE,FALSE,TRUE,TRUE,call_for_service,,1,1,1
URSUS-01-0000-2020-3d6,CA0010000,2/7/2020,19:55,DUBLIN,ALAMEDA,CA,94568,FALSE,FALSE,FALSE,FALSE,in_custody_event,booked_awaiting_trial,1,2,1
URSUS-01-0000-2020-42e,CA0010000,10/23/2020,12:45,DUBLIN,ALAMEDA,CA,94568,FALSE,FALSE,TRUE,TRUE,in_custody_event,booked_awaiting_trial,1,4,1
URSUS-01-0000-2020-4b8,CA0010000,5/28/2020,19:40,DUBLIN,ALAMEDA,CA,94568,FALSE,FALSE,TRUE,TRUE,in_custody_event,booked_awaiting_trial,1,5,1
URSUS-01-0000-2020-718,CA0010000,5/15/2020,11:37,SAN LEANDRO,ALAMEDA,CA,94578,FALSE,FALSE,FALSE,TRUE,pre_planned,,1,9,1
URSUS-01-0000-2020-748,CA0010000,10/25/2020,12:50,SAN LEANDRO,ALAMEDA,CA,94577,FALSE,FALSE,TRUE,TRUE,call_for_service,,1,7,1
URSUS-01-0000-2020-816,CA0010000,4/30/2020,16:05,OAKLAND,ALAMEDA,CA,94605,FALSE,FALSE,TRUE,TRUE,call_for_service,,1,4,1
URSUS-01-0000-2020-bdc,CA0010000,4/11/2020,18:57,OAKLAND,ALAMEDA,CA,94601,FALSE,FALSE,TRUE,TRUE,in_progress,,1,1,1
URSUS-01-0000-2020-c5b,CA0010000,12/11/2020,11:40,DUBLIN,ALAMEDA,CA,94568,FALSE,FALSE,TRUE,TRUE,in_custody_event,booked_awaiting_trial,1,2,1
URSUS-01-0000-2020-dbf,CA0010000,12/20/2020,20:03,DUBLIN,ALAMEDA,CA,94568,FALSE,FALSE,TRUE,TRUE,call_for_service,,1,4,1
URSUS-01-013G-2020-257,CA001013G,2/18/2020,10:52,SAN LEANDRO,ALAMEDA,CA,94578,FALSE,FALSE,FALSE,FALSE,in_custody_event,out_of_court,1,1,1
URSUS-01-0300-2020-a98,CA0010300,7/30/2020,21:18,BERKELEY,ALAMEDA,CA,94709,FALSE,FALSE,TRUE,TRUE,in_progress,,3,1,1
URSUS-01-0500-2020-40c,CA0010500,3/21/2020,0:35,FREMONT,ALAMEDA,CA,94538,FALSE,FALSE,TRUE,TRUE,in_progress,,1,2,1
URSUS-01-0500-2020-52c,CA0010500,4/1/2020,21:21,SAN LEANDRO,ALAMEDA,CA,94579,FALSE,FALSE,TRUE,TRUE,in_progress,,1,2,1
URSUS-01-0500-2020-c4f,CA0010500,10/12/2020,22:29,FREMONT,ALAMEDA,CA,94538,FALSE,FALSE,TRUE,TRUE,in_progress,,1,1,1
URSUS-01-0500-2020-e43,CA0010500,8/17/2020,3:10,FREMONT,ALAMEDA,CA,94538,FALSE,FALSE,TRUE,TRUE,in_progress,,1,1,1
URSUS-01-0600-2020-4c6,CA0010600,6/1/2020,3:58,HAYWARD,ALAMEDA,CA,94544,FALSE,FALSE,TRUE,TRUE,in_progress,,1,2,1
URSUS-01-0600-2020-6d7,CA0010600,5/27/2020,12:58,HAYWARD,ALAMEDA,CA,94545,FALSE,FALSE,TRUE,TRUE,call_for_service,,1,2,1
URSUS-01-0600-2020-7fe,CA0010600,5/20/2020,14:26,HAYWARD,ALAMEDA,CA,94541,FALSE,FALSE,FALSE,TRUE,vehicle_bike_pedestrian,,1,3,1
URSUS-01-0700-2020-973,CA0010700,1/22/2020,3:30,LIVERMORE,ALAMEDA,CA,94551,FALSE,FALSE,TRUE,TRUE,ambush,,1,2,1
URSUS-01-0800-2020-106,CA0010800,5/20/2020,11:48,NEWARK,ALAMEDA,CA,94560,FALSE,FALSE,FALSE,TRUE,pre_planned,,1,1,1
URSUS-01-0900-2020-7e1,CA0010900,11/3/2020,22:15,OAKLAND,ALAMEDA,CA,94603,FALSE,FALSE,FALSE,TRUE,in_progress,,1,1,1
URSUS-01-1200-2020-764,CA0011200,4/18/2020,15:12,SAN LEANDRO,ALAMEDA,CA,94579,FALSE,FALSE,FALSE,TRUE,call_for_service,,1,1,1
URSUS-01-1200-2020-902,CA0011200,8/5/2020,22:49,OAKLAND,ALAMEDA,CA,94603,FALSE,FALSE,FALSE,TRUE,call_for_service,,1,1,1
URSUS-01-1200-2020-c6c,CA0011200,10/24/2020,21:15,SAN LEANDRO,ALAMEDA,CA,94578,FALSE,FALSE,FALSE,TRUE,in_progress,,1,2,1
URSUS-01-1300-2020-e8a,CA0011300,9/9/2020,11:08,UNION CITY,ALAMEDA,CA,94587,FALSE,FALSE,TRUE,TRUE,in_progress,,1,3,1
URSUS-01-2100-2020-9b1,CA0012100,2/15/2020,13:58,EL CERRITO,CONTRA COSTA,CA,94530,FALSE,FALSE,TRUE,TRUE,call_for_service,,1,2,1
URSUS-04-0000-2020-03b,CA0040000,8/13/2020,1:21,OROVILLE,BUTTE,CA,95965,FALSE,FALSE,FALSE,FALSE,in_custody_event,booked_awaiting_trial,1,2,1
URSUS-04-0000-2020-ced,CA0040000,1/18/2020,18:27,OROVILLE,BUTTE,CA,95965,FALSE,FALSE,FALSE,FALSE,in_custody_event,booked_awaiting_trial,1,1,1
URSUS-04-0200-2020-08f,CA0040200,10/14/2020,19:30,CHICO,BUTTE,CA,95928,FALSE,FALSE,FALSE,TRUE,in_progress,,1,2,1
URSUS-04-0200-2020-d7f,CA0040200,12/11/2020,22:55,CHICO,BUTTE,CA,95928,FALSE,FALSE,TRUE,TRUE,call_for_service,,1,1,1
URSUS-04-0200-2020-fd3,CA0040200,10/14/2020,19:29,CHICO,BUTTE,CA,95928,FALSE,FALSE,FALSE,TRUE,call_for_service,,1,2,1
URSUS-05-0000-2020-4db,CA0050000,4/5/2020,5:31,MURPHYS,CALAVERAS,CA,95247,FALSE,FALSE,TRUE,TRUE,call_for_service,,1,2,1
URSUS-07-0000-2020-699,CA0070000,10/18/2020,14:01,DANVILLE,CONTRA COSTA,CA,94506,FALSE,FALSE,TRUE,TRUE,in_progress,,1,3,1
URSUS-07-0000-2020-d4d,CA0070000,7/9/2020,9:42,BRENTWOOD,CONTRA COSTA,CA,94513,FALSE,FALSE,FALSE,TRUE,consensual,,1,1,1
URSUS-07-0100-2020-1e7,CA0070100,4/1/2020,8:00,ANTIOCH,CONTRA COSTA,CA,94509,FALSE,FALSE,TRUE,TRUE,pre_planned,,1,3,1
URSUS-07-0100-2020-598,CA0070100,4/4/2020,23:12,ANTIOCH,CONTRA COSTA,CA,94509,FALSE,FALSE,TRUE,TRUE,in_progress,,1,1,1
URSUS-07-0100-2020-96d,CA0070100,4/8/2020,7:40,ANTIOCH,CONTRA COSTA,CA,94509,FALSE,FALSE,TRUE,TRUE,in_progress,,1,2,1
URSUS-07-0100-2020-97f,CA0070100,3/19/2020,4:16,ANTIOCH,CONTRA COSTA,CA,94531,FALSE,FALSE,TRUE,TRUE,call_for_service,,1,2,1
URSUS-07-0100-2020-a94,CA0070100,4/23/2020,22:37,ANTIOCH,CONTRA COSTA,CA,94509,FALSE,FALSE,FALSE,TRUE,call_for_service,,1,1,1
URSUS-07-0100-2020-b4e,CA0070100,2/11/2020,12:15,ANTIOCH,CONTRA COSTA,CA,94509,FALSE,FALSE,TRUE,TRUE,in_progress,,1,1,1
URSUS-07-0100-2020-c35,CA0070100,4/16/2020,11:39,ANTIOCH,CONTRA COSTA,CA,94509,FALSE,FALSE,FALSE,TRUE,call_for_service,,1,1,1
URSUS-07-0100-2020-e11,CA0070100,9/28/2020,2:15,ANTIOCH,CONTRA COSTA,CA,94509,FALSE,FALSE,TRUE,TRUE,call_for_service,,1,1,1
URSUS-07-0200-2020-5db,CA0070200,2/10/2020,11:45,BRENTWOOD,CONTRA COSTA,CA,94513,FALSE,FALSE,TRUE,TRUE,call_for_service,,1,1,1
URSUS-07-0900-2020-a21,CA0070900,5/9/2020,21:30,PLEASANT HILL,CONTRA COSTA,CA,94523,FALSE,FALSE,TRUE,TRUE,call_for_service,,2,1,1
URSUS-07-1000-2020-186,CA0071000,3/17/2020,14:37,RICHMOND,CONTRA COSTA,CA,94804,FALSE,FALSE,TRUE,TRUE,call_for_service,,1,8,1
URSUS-07-1000-2020-281,CA0071000,4/16/2020,19:21,RICHMOND,CONTRA COSTA,CA,94804,FALSE,FALSE,TRUE,TRUE,in_progress,,1,6,2
URSUS-07-4000-2020-9a8,CA0074000,12/27/2020,0:04,SAN RAMON,CONTRA COSTA,CA,94583,FALSE,FALSE,TRUE,TRUE,in_progress,,1,1,1
URSUS-07-4000-2020-cd4,CA0074000,12/20/2020,18:23,SAN RAMON,CONTRA COSTA,CA,94583,FALSE,FALSE,TRUE,TRUE,in_progress,,1,1,1
URSUS-09-013G-2020-113,CA009013G,8/16/2020,20:00,SOUTH LAKE TAHOE,EL DORADO,CA,96150,FALSE,FALSE,FALSE,FALSE,in_custody_event,booked_awaiting_trial,1,2,1
URSUS-10-0000-2020-1fd,CA0100000,3/12/2020,17:59,FRESNO,FRESNO,CA,93703,FALSE,FALSE,TRUE,TRUE,call_for_service,,1,1,1
URSUS-10-0000-2020-227,CA0100000,3/6/2020,22:10,FRESNO,FRESNO,CA,93706,FALSE,FALSE,TRUE,TRUE,call_for_service,,1,2,1
URSUS-10-0000-2020-8af,CA0100000,5/2/2020,15:33,SANGER,FRESNO,CA,93657,FALSE,FALSE,TRUE,TRUE,call_for_service,,1,1,1
URSUS-10-0100-2020-6fb,CA0100100,10/10/2020,2:40,CLOVIS,FRESNO,CA,93612,FALSE,FALSE,TRUE,TRUE,call_for_service,,1,2,1
URSUS-10-0100-2020-c3d,CA0100100,8/30/2020,1:37,CLOVIS,FRESNO,CA,93612,FALSE,FALSE,FALSE,TRUE,call_for_service,,1,6,1
URSUS-10-0500-2020-53a,CA0100500,9/19/2020,20:14,FRESNO,FRESNO,CA,93702,FALSE,FALSE,TRUE,TRUE,call_for_service,,1,1,1
URSUS-10-0500-2020-61f,CA0100500,3/24/2020,17:39,FRESNO,FRESNO,CA,93701,FALSE,FALSE,TRUE,TRUE,vehicle_bike_pedestrian,,1,2,1
URSUS-10-0500-2020-642,CA0100500,9/5/2020,2:18,FRESNO,FRESNO,CA,93726,FALSE,FALSE,TRUE,TRUE,call_for_service,,1,2,1
URSUS-10-0500-2020-646,CA0100500,3/22/2020,21:31,FRESNO,FRESNO,CA,93721,FALSE,FALSE,FALSE,FALSE,call_for_service,,1,3,1
URSUS-10-0500-2020-9e4,CA0100500,10/18/2020,21:25,FRESNO,FRESNO,CA,93728,FALSE,FALSE,FALSE,TRUE,call_for_service,,1,6,1
URSUS-10-0500-2020-b1d,CA0100500,10/17/2020,16:38,FRESNO,FRESNO,CA,93702,FALSE,FALSE,TRUE,TRUE,call_for_service,,1,4,1
URSUS-10-0500-2020-b38,CA0100500,10/2/2020,7:07,FRESNO,FRESNO,CA,93727,FALSE,FALSE,TRUE,TRUE,call_for_service,,1,3,1
URSUS-10-0500-2020-d63,CA0100500,6/9/2020,0:27,FRESNO,FRESNO,CA,93710,FALSE,FALSE,TRUE,TRUE,call_for_service,,1,2,1
URSUS-10-1500-2020-0c2,CA0101500,1/11/2020,17:10,SELMA,FRESNO,CA,93662,FALSE,FALSE,TRUE,TRUE,call_for_service,,1,1,1
URSUS-10-1500-2020-531,CA0101500,5/1/2020,0:04,SELMA,FRESNO,CA,93662,FALSE,FALSE,TRUE,TRUE,vehicle_bike_pedestrian,,1,2,1
URSUS-11-0100-2020-628,CA0110100,2/20/2020,19:20,ORLAND,GLENN,CA,95963,FALSE,FALSE,TRUE,TRUE,call_for_service,,1,3,2
URSUS-12-0000-2020-5bc,CA0120000,1/29/2020,7:40,EUREKA,HUMBOLDT,CA,95501,FALSE,FALSE,FALSE,FALSE,in_custody_event,awaiting_booking,1,1,1
URSUS-12-0000-2020-a18,CA0120000,5/16/2020,21:07,EUREKA,HUMBOLDT,CA,95503,FALSE,FALSE,TRUE,TRUE,call_for_service,,1,1,1
URSUS-12-0000-2020-fed,CA0120000,1/8/2020,15:00,WILLOW CREEK,HUMBOLDT,CA,95573,FALSE,FALSE,TRUE,TRUE,call_for_service,,1,1,1
URSUS-12-0300-2020-1e0,CA0120300,10/8/2020,19:39,EUREKA,HUMBOLDT,CA,95501,FALSE,FALSE,TRUE,TRUE,in_progress,,1,3,1
URSUS-12-0300-2020-cfc,CA0120300,2/27/2020,16:31,EUREKA,HUMBOLDT,CA,95501,FALSE,FALSE,TRUE,TRUE,call_for_service,,1,3,1
URSUS-12-0300-2020-d28,CA0120300,7/23/2020,17:18,EUREKA,HUMBOLDT,CA,95501,FALSE,FALSE,FALSE,TRUE,welfare_check,,1,5,1
URSUS-13-0200-2020-805,CA0130200,4/24/2020,19:50,CALEXICO,IMPERIAL,CA,92231,FALSE,FALSE,FALSE,TRUE,call_for_service,,1,2,1
URSUS-14-0000-2020-3cc,CA0140000,10/5/2020,7:41,BISHOP,INYO,CA,93514,FALSE,FALSE,TRUE,TRUE,call_for_service,,1,2,1
URSUS-14-0000-2020-9c2,CA0140000,8/14/2020,3:02,BISHOP,INYO,CA,93514,FALSE,FALSE,TRUE,TRUE,vehicle_bike_pedestrian,,1,2,1
URSUS-15-0000-2020-0a9,CA0150000,10/2/2020,21:22,MOJAVE,KERN,CA,93501,FALSE,FALSE,FALSE,TRUE,vehicle_bike_pedestrian,,1,1,1
URSUS-15-0000-2020-1b6,CA0150000,3/21/2020,11:10,MOJAVE,KERN,CA,93501,FALSE,FALSE,FALSE,TRUE,call_for_service,,1,2,1
URSUS-15-0000-2020-1e6,CA0150000,4/18/2020,1:08,BAKERSFIELD,KERN,CA,93309,FALSE,FALSE,FALSE,TRUE,vehicle_bike_pedestrian,,1,5,1
URSUS-15-0000-2020-467,CA0150000,9/15/2020,1:14,BAKERSFIELD,KERN,CA,93308,FALSE,FALSE,TRUE,TRUE,in_progress,,1,1,1
URSUS-15-0000-2020-46d,CA0150000,6/12/2020,10:25,BAKERSFIELD,KERN,CA,93305,FALSE,FALSE,TRUE,TRUE,in_progress,,1,2,1
URSUS-15-0000-2020-4ac,CA0150000,12/15/2020,20:47,BAKERSFIELD,KERN,CA,93307,FALSE,FALSE,TRUE,TRUE,pre_planned,,1,1,1
URSUS-15-0000-2020-524,CA0150000,3/23/2020,14:23,MOJAVE,KERN,CA,93501,FALSE,FALSE,FALSE,TRUE,welfare_check,,1,3,1
URSUS-15-0000-2020-576,CA0150000,10/28/2020,16:01,BAKERSFIELD,KERN,CA,93305,FALSE,FALSE,TRUE,TRUE,in_progress,,1,3,1
URSUS-15-0000-2020-76b,CA0150000,8/20/2020,18:30,BAKERSFIELD,KERN,CA,93306,FALSE,FALSE,FALSE,TRUE,in_progress,,1,1,1
URSUS-15-0000-2020-828,CA0150000,5/7/2020,3:28,WASCO,KERN,CA,93280,FALSE,FALSE,FALSE,TRUE,in_progress,,1,3,1
URSUS-15-0000-2020-8c6,CA0150000,9/3/2020,7:12,CANTIL,KERN,CA,93519,FALSE,FALSE,FALSE,TRUE,in_progress,,1,1,1
URSUS-15-0000-2020-97e,CA0150000,4/13/2020,0:12,BAKERSFIELD,KERN,CA,93313,FALSE,FALSE,FALSE,TRUE,in_progress,,1,14,3
URSUS-15-0000-2020-9ac,CA0150000,12/12/2020,23:58,BAKERSFIELD,KERN,CA,93306,FALSE,FALSE,TRUE,TRUE,in_progress,,1,1,1
URSUS-15-0000-2020-b32,CA0150000,11/10/2020,20:41,BAKERSFIELD,KERN,CA,93308,FALSE,FALSE,FALSE,TRUE,in_progress,,1,1,1
URSUS-15-0200-2020-065,CA0150200,11/30/2020,15:14,BAKERSFIELD,KERN,CA,93301,FALSE,FALSE,TRUE,TRUE,call_for_service,,1,2,1
URSUS-15-0200-2020-1af,CA0150200,11/18/2020,12:06,BAKERSFIELD,KERN,CA,93301,FALSE,FALSE,TRUE,TRUE,vehicle_bike_pedestrian,,1,1,1
URSUS-15-0200-2020-2cb,CA0150200,3/18/2020,17:55,BAKERSFIELD,KERN,CA,93308,FALSE,FALSE,TRUE,TRUE,call_for_service,,1,1,1
URSUS-15-0200-2020-35c,CA0150200,10/13/2020,8:45,BAKERSFIELD,KERN,CA,93305,FALSE,FALSE,FALSE,TRUE,call_for_service,,1,3,1
URSUS-15-0200-2020-604,CA0150200,5/2/2020,0:45,BAKERSFIELD,KERN,CA,93307,FALSE,TRUE,TRUE,TRUE,call_for_service,,1,1,1
URSUS-15-0200-2020-66c,CA0150200,8/16/2020,18:55,BAKERSFIELD,KERN,CA,93304,FALSE,FALSE,TRUE,TRUE,vehicle_bike_pedestrian,,1,1,1
URSUS-15-0200-2020-6f5,CA0150200,12/18/2020,20:23,BAKERSFIELD,KERN,CA,93313,FALSE,FALSE,FALSE,TRUE,call_for_service,,1,5,1
URSUS-15-0200-2020-713,CA0150200,8/17/2020,11:07,BAKERSFIELD,KERN,CA,93307,FALSE,FALSE,FALSE,TRUE,call_for_service,,1,2,1
URSUS-15-0200-2020-a27,CA0150200,7/29/2020,22:30,BAKERSFIELD,KERN,CA,93301,FALSE,FALSE,TRUE,TRUE,vehicle_bike_pedestrian,,1,1,1
URSUS-15-0200-2020-b63,CA0150200,2/14/2020,23:11,BAKERSFIELD,KERN,CA,93304,FALSE,FALSE,TRUE,TRUE,pre_planned,,1,5,1
URSUS-15-0200-2020-ba3,CA0150200,11/10/2020,19:23,BAKERSFIELD,KERN,CA,93309,FALSE,FALSE,TRUE,TRUE,call_for_service,,1,6,1
URSUS-15-0200-2020-bbb,CA0150200,4/20/2020,10:30,BAKERSFIELD,KERN,CA,93304,FALSE,FALSE,TRUE,TRUE,call_for_service,,1,1,1
URSUS-15-0200-2020-c92,CA0150200,9/9/2020,0:51,MCFARLAND,KERN,CA,93250,FALSE,FALSE,TRUE,TRUE,vehicle_bike_pedestrian,,1,1,1
URSUS-15-0200-2020-c97,CA0150200,10/12/2020,4:04,BAKERSFIELD,KERN,CA,93301,FALSE,FALSE,TRUE,TRUE,call_for_service,,1,9,1
URSUS-15-0200-2020-d60,CA0150200,12/2/2020,1:15,BAKERSFIELD,KERN,CA,93307,FALSE,FALSE,TRUE,TRUE,pre_planned,,1,2,1
URSUS-15-0200-2020-e40,CA0150200,10/25/2020,13:50,BAKERSFIELD,KERN,CA,93309,FALSE,FALSE,TRUE,TRUE,call_for_service,,1,5,1
URSUS-15-0200-2020-e7a,CA0150200,1/25/2020,13:27,BAKERSFIELD,KERN,CA,93312,FALSE,FALSE,TRUE,TRUE,pre_planned,,1,2,1
URSUS-15-0200-2020-ff2,CA0150200,8/14/2020,0:08,BAKERSFIELD,KERN,CA,93313,FALSE,FALSE,TRUE,TRUE,call_for_service,,1,1,1
URSUS-16-0000-2020-7bf,CA0160000,2/4/2020,7:46,HANFORD,KINGS,CA,93230,FALSE,FALSE,TRUE,TRUE,call_for_service,,1,1,1
URSUS-17-0000-2020-282,CA0170000,2/15/2020,15:35,KELSEYVILLE,LAKE,CA,95451,FALSE,FALSE,TRUE,TRUE,call_for_service,,1,5,2
URSUS-17-0000-2020-759,CA0170000,12/30/2020,4:13,LUCERNE,LAKE,CA,95458,FALSE,FALSE,TRUE,TRUE,call_for_service,,1,1,1
URSUS-19-0000-2020-05c,CA0190000,6/6/2020,9:12,HACIENDA HEIGHTS,LOS ANGELES,CA,91745,FALSE,FALSE,TRUE,TRUE,call_for_service,,2,2,1
URSUS-19-0000-2020-0ac,CA0190000,2/2/2020,9:19,LOS ANGELES,LOS ANGELES,CA,90012,FALSE,FALSE,FALSE,TRUE,in_custody_event,other,1,6,1
URSUS-19-0000-2020-0bd,CA0190000,4/19/2020,16:19,LANCASTER,LOS ANGELES,CA,93534,FALSE,FALSE,FALSE,TRUE,call_for_service,,1,2,1
URSUS-19-0000-2020-123,CA0190000,4/25/2020,23:35,EAST LOS ANGELES,LOS ANGELES,CA,90022,FALSE,FALSE,TRUE,TRUE,vehicle_bike_pedestrian,,1,2,1
URSUS-19-0000-2020-174,CA0190000,12/18/2020,16:08,CASTAIC,LOS ANGELES,CA,91384,FALSE,FALSE,FALSE,TRUE,in_custody_event,other,1,8,1
URSUS-19-0000-2020-18e,CA0190000,4/18/2020,4:50,CARSON,LOS ANGELES,CA,90746,FALSE,FALSE,FALSE,TRUE,call_for_service,,1,2,1
URSUS-19-0000-2020-18f,CA0190000,8/31/2020,15:14,LOS ANGELES,LOS ANGELES,CA,90044,FALSE,FALSE,FALSE,TRUE,vehicle_bike_pedestrian,,1,2,1
URSUS-19-0000-2020-19e,CA0190000,8/22/2020,21:52,COMMERCE,LOS ANGELES,CA,90040,FALSE,FALSE,TRUE,TRUE,call_for_service,,2,1,1
URSUS-19-0000-2020-1c8,CA0190000,6/9/2020,2:30,LYNWOOD,LOS ANGELES,CA,90262,FALSE,FALSE,TRUE,TRUE,vehicle_bike_pedestrian,,1,2,1
URSUS-19-0000-2020-213,CA0190000,2/23/2020,0:44,AGOURA HILLS,LOS ANGELES,CA,91301,FALSE,FALSE,TRUE,TRUE,in_progress,,1,1,1
URSUS-19-0000-2020-23a,CA0190000,6/1/2020,0:18,PALMDALE,LOS ANGELES,CA,93550,FALSE,FALSE,TRUE,TRUE,vehicle_bike_pedestrian,,1,4,1
URSUS-19-0000-2020-269,CA0190000,11/15/2020,1:51,LOS ANGELES,LOS ANGELES,CA,90033,FALSE,FALSE,FALSE,TRUE,call_for_service,,1,2,1
URSUS-19-0000-2020-27c,CA0190000,10/17/2020,0:05,LONG BEACH,LOS ANGELES,CA,90805,FALSE,FALSE,TRUE,TRUE,in_progress,,1,10,1
URSUS-19-0000-2020-2fe,CA0190000,9/10/2020,5:36,COMPTON,LOS ANGELES,CA,90221,FALSE,FALSE,FALSE,TRUE,pre_planned,,1,8,1
URSUS-19-0000-2020-335,CA0190000,10/6/2020,23:15,TORRANCE,LOS ANGELES,CA,90502,FALSE,FALSE,TRUE,TRUE,consensual,,1,1,1
URSUS-19-0000-2020-392,CA0190000,12/19/2020,18:49,INGLEWOOD,LOS ANGELES,CA,90304,FALSE,FALSE,FALSE,TRUE,call_for_service,,1,5,1
URSUS-19-0000-2020-3bc,CA0190000,7/30/2020,14:59,LANCASTER,LOS ANGELES,CA,93535,FALSE,FALSE,TRUE,TRUE,call_for_service,,1,2,1
URSUS-19-0000-2020-3dc,CA0190000,9/23/2020,16:08,WHITTIER,LOS ANGELES,CA,90602,FALSE,FALSE,TRUE,TRUE,consensual,,1,1,1
URSUS-19-0000-2020-413,CA0190000,1/8/2020,21:51,LOS ANGELES,LOS ANGELES,CA,90059,TRUE,FALSE,TRUE,TRUE,call_for_service,,1,6,1
URSUS-19-0000-2020-449,CA0190000,7/16/2020,23:40,LA MIRADA,LOS ANGELES,CA,90638,FALSE,FALSE,TRUE,TRUE,vehicle_bike_pedestrian,,1,2,1
URSUS-19-0000-2020-4cd,CA0190000,5/4/2020,2:05,INGLEWOOD,LOS ANGELES,CA,90301,FALSE,FALSE,TRUE,TRUE,vehicle_bike_pedestrian,,1,7,1
URSUS-19-0000-2020-504,CA0190000,4/25/2020,15:32,HACIENDA HEIGHTS,LOS ANGELES,CA,91745,FALSE,FALSE,TRUE,TRUE,in_progress,,1,4,1
URSUS-19-0000-2020-524,CA0190000,2/13/2020,20:05,LANCASTER,LOS ANGELES,CA,93535,FALSE,FALSE,TRUE,TRUE,vehicle_bike_pedestrian,,1,2,1
URSUS-19-0000-2020-55f,CA0190000,3/4/2020,11:51,VAN NUYS,LOS ANGELES,CA,91401,FALSE,FALSE,TRUE,TRUE,in_progress,,1,1,1
URSUS-19-0000-2020-596,CA0190000,3/1/2020,14:29,SANTA CLARITA,LOS ANGELES,CA,91355,FALSE,FALSE,FALSE,TRUE,ambush,,1,1,1
URSUS-19-0000-2020-643,CA0190000,8/19/2020,4:09,COMPTON,LOS ANGELES,CA,90220,FALSE,FALSE,TRUE,TRUE,call_for_service,,1,1,1
URSUS-19-0000-2020-73a,CA0190000,9/24/2020,17:15,COMMERCE,LOS ANGELES,CA,90040,FALSE,FALSE,TRUE,TRUE,call_for_service,,2,1,1
URSUS-19-0000-2020-7b9,CA0190000,6/18/2020,17:52,GARDENA,LOS ANGELES,CA,90248,FALSE,FALSE,FALSE,TRUE,vehicle_bike_pedestrian,,1,1,1
URSUS-19-0000-2020-7dc,CA0190000,6/2/2020,18:22,PALMDALE,LOS ANGELES,CA,93552,FALSE,FALSE,TRUE,TRUE,call_for_service,,1,4,1
URSUS-19-0000-2020-82e,CA0190000,4/17/2020,8:40,CARSON,LOS ANGELES,CA,90745,FALSE,FALSE,TRUE,TRUE,call_for_service,,1,3,1
URSUS-19-0000-2020-87d,CA0190000,7/20/2020,17:30,SAN GABRIEL,LOS ANGELES,CA,91775,FALSE,FALSE,TRUE,TRUE,vehicle_bike_pedestrian,,1,2,1
URSUS-19-0000-2020-89b,CA0190000,10/6/2020,12:40,PARAMOUNT,LOS ANGELES,CA,90723,FALSE,FALSE,TRUE,TRUE,in_progress,,1,1,1
URSUS-19-0000-2020-947,CA0190000,6/28/2020,22:49,GARDENA,LOS ANGELES,CA,90249,FALSE,FALSE,TRUE,TRUE,vehicle_bike_pedestrian,,1,1,1
URSUS-19-0000-2020-99f,CA0190000,3/5/2020,21:30,SYLMAR,LOS ANGELES,CA,91342,FALSE,FALSE,TRUE,TRUE,vehicle_bike_pedestrian,,2,7,1
URSUS-19-0000-2020-a08,CA0190000,3/16/2020,15:39,MAYWOOD,LOS ANGELES,CA,90270,FALSE,FALSE,FALSE,TRUE,call_for_service,,1,4,1
URSUS-19-0000-2020-a18,CA0190000,4/29/2020,8:40,SOUTH EL MONTE,LOS ANGELES,CA,91733,FALSE,FALSE,TRUE,TRUE,in_progress,,1,1,1
URSUS-19-0000-2020-a27,CA0190000,6/12/2020,21:18,PALMDALE,LOS ANGELES,CA,93550,FALSE,FALSE,TRUE,TRUE,in_progress,,3,3,2
URSUS-19-0000-2020-a4f,CA0190000,2/29/2020,16:35,LA PUENTE,LOS ANGELES,CA,91744,FALSE,FALSE,TRUE,TRUE,call_for_service,,1,4,1
URSUS-19-0000-2020-ac4,CA0190000,5/29/2020,19:49,LANCASTER,LOS ANGELES,CA,93534,FALSE,FALSE,FALSE,TRUE,in_progress,,1,2,1
URSUS-19-0000-2020-b5b,CA0190000,6/11/2020,5:22,LANCASTER,LOS ANGELES,CA,93534,FALSE,FALSE,FALSE,TRUE,call_for_service,,1,1,1
URSUS-19-0000-2020-b89,CA0190000,10/16/2020,17:30,HAWTHORNE,LOS ANGELES,CA,90250,FALSE,FALSE,FALSE,TRUE,consensual,,1,1,1
URSUS-19-0000-2020-bb5,CA0190000,8/7/2020,1:03,LA PUENTE,LOS ANGELES,CA,91744,TRUE,FALSE,TRUE,TRUE,in_progress,,1,3,1
URSUS-19-0000-2020-bd3,CA0190000,5/2/2020,14:55,COMPTON,LOS ANGELES,CA,90220,FALSE,FALSE,TRUE,TRUE,in_progress,,1,1,1
URSUS-19-0000-2020-bde,CA0190000,5/26/2020,17:15,LOS ANGELES,LOS ANGELES,CA,90044,FALSE,FALSE,FALSE,TRUE,pre_planned,,1,4,1
URSUS-19-0000-2020-be1,CA0190000,6/7/2020,2:23,CITY OF INDUSTRY,LOS ANGELES,CA,91748,FALSE,FALSE,FALSE,TRUE,call_for_service,,1,2,1
URSUS-19-0000-2020-be9,CA0190000,2/5/2020,10:30,LANCASTER,LOS ANGELES,CA,93535,FALSE,FALSE,TRUE,TRUE,call_for_service,,1,4,1
URSUS-19-0000-2020-c4b,CA0190000,7/8/2020,0:52,LANCASTER,LOS ANGELES,CA,93534,FALSE,FALSE,FALSE,TRUE,call_for_service,,1,2,1
URSUS-19-0000-2020-cfe,CA0190000,6/17/2020,16:33,ROSAMOND,KERN,CA,93560,FALSE,FALSE,FALSE,TRUE,vehicle_bike_pedestrian,,1,4,1
URSUS-19-0000-2020-d60,CA0190000,9/6/2020,19:30,COMPTON,LOS ANGELES,CA,90222,FALSE,FALSE,TRUE,TRUE,call_for_service,,1,4,1
URSUS-19-0000-2020-da5,CA0190000,10/17/2020,1:49,LANCASTER,LOS ANGELES,CA,93536,FALSE,FALSE,TRUE,TRUE,consensual,,1,1,1
URSUS-19-0000-2020-db1,CA0190000,1/7/2020,19:00,LAKEWOOD,LOS ANGELES,CA,90713,FALSE,FALSE,TRUE,TRUE,call_for_service,,1,2,1
URSUS-19-0000-2020-dbf,CA0190000,10/28/2020,22:53,NORWALK,LOS ANGELES,CA,90650,FALSE,FALSE,TRUE,TRUE,vehicle_bike_pedestrian,,1,1,1
URSUS-19-0000-2020-e3a,CA0190000,10/15/2020,4:01,LOS ANGELES,LOS ANGELES,CA,90044,FALSE,FALSE,FALSE,TRUE,call_for_service,,1,1,1
URSUS-19-0000-2020-e42,CA0190000,8/28/2020,19:50,EAST LOS ANGELES,LOS ANGELES,CA,90022,FALSE,FALSE,TRUE,TRUE,in_custody_event,awaiting_booking,1,10,1
URSUS-19-0000-2020-e5e,CA0190000,12/6/2020,23:47,ROWLAND HEIGHTS,LOS ANGELES,CA,91748,FALSE,FALSE,FALSE,TRUE,in_progress,,1,1,1
URSUS-19-0000-2020-eaf,CA0190000,11/2/2020,9:47,LOS ANGELES,LOS ANGELES,CA,90059,FALSE,FALSE,FALSE,TRUE,vehicle_bike_pedestrian,,1,2,1
URSUS-19-0000-2020-eb8,CA0190000,7/8/2020,13:15,LANCASTER,LOS ANGELES,CA,93534,FALSE,FALSE,TRUE,TRUE,call_for_service,,1,5,1
URSUS-19-0000-2020-f0a,CA0190000,11/15/2020,2:23,EAST LOS ANGELES,LOS ANGELES,CA,90063,FALSE,FALSE,FALSE,TRUE,consensual,,1,1,1
URSUS-19-0100-2020-bff,CA0190100,1/5/2020,3:34,ALHAMBRA,LOS ANGELES,CA,91803,FALSE,FALSE,TRUE,TRUE,in_progress,,1,1,1
URSUS-19-013A-2020-2b9,CA019013A,11/28/2020,18:20,LOS ANGELES,LOS ANGELES,CA,91344,FALSE,FALSE,FALSE,TRUE,in_progress,,3,2,1
URSUS-19-0500-2020-255,CA0190500,4/2/2020,16:04,AZUSA,LOS ANGELES,CA,91702,FALSE,FALSE,TRUE,TRUE,call_for_service,,1,1,1
URSUS-19-0500-2020-46d,CA0190500,1/25/2020,14:21,AZUSA,LOS ANGELES,CA,91702,FALSE,FALSE,TRUE,TRUE,call_for_service,,1,2,1
URSUS-19-0500-2020-830,CA0190500,1/25/2020,19:27,AZUSA,LOS ANGELES,CA,91702,TRUE,FALSE,TRUE,TRUE,vehicle_bike_pedestrian,,1,3,2
URSUS-19-0500-2020-ea4,CA0190500,2/14/2020,0:48,AZUSA,LOS ANGELES,CA,91702,FALSE,FALSE,TRUE,TRUE,call_for_service,,1,2,1
URSUS-19-0700-2020-f4a,CA0190700,5/30/2020,1:46,LYNWOOD,LOS ANGELES,CA,90262,FALSE,FALSE,TRUE,TRUE,vehicle_bike_pedestrian,,1,6,2
URSUS-19-0900-2020-646,CA0190900,3/9/2020,10:14,BELL GARDENS,LOS ANGELES,CA,90201,FALSE,FALSE,TRUE,TRUE,call_for_service,,1,1,1
URSUS-19-0900-2020-a59,CA0190900,2/7/2020,9:13,BELL GARDENS,LOS ANGELES,CA,90201,FALSE,FALSE,FALSE,TRUE,vehicle_bike_pedestrian,,1,2,1
URSUS-19-1800-2020-e62,CA0191800,8/3/2020,14:26,CULVER CITY,LOS ANGELES,CA,90232,FALSE,FALSE,FALSE,TRUE,call_for_service,,1,3,1
URSUS-19-2000-2020-b0a,CA0192000,10/8/2020,20:08,DOWNEY,LOS ANGELES,CA,90242,FALSE,FALSE,TRUE,TRUE,call_for_service,other,1,2,1
URSUS-19-2000-2020-b35,CA0192000,12/24/2020,9:20,DOWNEY,LOS ANGELES,CA,90240,FALSE,FALSE,TRUE,TRUE,call_for_service,,1,3,1
URSUS-19-2200-2020-8a8,CA0192200,11/20/2020,10:00,RIVERSIDE,RIVERSIDE,CA,92509,FALSE,FALSE,TRUE,TRUE,pre_planned,,1,2,1
URSUS-19-2400-2020-6c1,CA0192400,7/3/2020,0:25,GARDENA,LOS ANGELES,CA,90249,FALSE,FALSE,TRUE,TRUE,in_progress,,1,1,1
URSUS-19-2400-2020-ebc,CA0192400,7/19/2020,21:19,GARDENA,LOS ANGELES,CA,90249,FALSE,FALSE,TRUE,TRUE,call_for_service,,1,2,1
URSUS-19-3300-2020-af9,CA0193300,8/30/2020,4:03,INGLEWOOD,LOS ANGELES,CA,90304,FALSE,FALSE,TRUE,TRUE,in_progress,,1,2,1
URSUS-19-4100-2020-095,CA0194100,2/16/2020,22:06,LONG BEACH,LOS ANGELES,CA,90806,FALSE,FALSE,TRUE,TRUE,vehicle_bike_pedestrian,,1,1,1
URSUS-19-4100-2020-11b,CA0194100,4/5/2020,1:57,LONG BEACH,LOS ANGELES,CA,90806,FALSE,FALSE,TRUE,TRUE,vehicle_bike_pedestrian,,1,3,1
URSUS-19-4100-2020-16b,CA0194100,10/15/2020,13:05,LONG BEACH,LOS ANGELES,CA,90804,FALSE,FALSE,TRUE,TRUE,call_for_service,,1,3,1
URSUS-19-4100-2020-1ca,CA0194100,3/15/2020,22:25,LONG BEACH,LOS ANGELES,CA,90803,FALSE,FALSE,TRUE,TRUE,call_for_service,,1,1,1
URSUS-19-4100-2020-21c,CA0194100,3/30/2020,14:03,LONG BEACH,LOS ANGELES,CA,90806,FALSE,FALSE,TRUE,TRUE,vehicle_bike_pedestrian,,1,1,1
URSUS-19-4100-2020-347,CA0194100,4/14/2020,15:35,LONG BEACH,LOS ANGELES,CA,90806,FALSE,FALSE,TRUE,TRUE,vehicle_bike_pedestrian,,1,4,1
URSUS-19-4100-2020-3e4,CA0194100,9/9/2020,0:30,LONG BEACH,LOS ANGELES,CA,90802,FALSE,FALSE,TRUE,TRUE,call_for_service,,1,1,1
URSUS-19-4100-2020-40e,CA0194100,9/16/2020,17:05,LONG BEACH,LOS ANGELES,CA,90803,FALSE,FALSE,TRUE,TRUE,call_for_service,,1,1,1
URSUS-19-4100-2020-4df,CA0194100,2/20/2020,21:18,LONG BEACH,LOS ANGELES,CA,90805,FALSE,FALSE,TRUE,TRUE,call_for_service,,1,2,1
URSUS-19-4100-2020-68a,CA0194100,5/10/2020,2:47,LONG BEACH,LOS ANGELES,CA,90802,FALSE,FALSE,TRUE,TRUE,vehicle_bike_pedestrian,,1,2,1
URSUS-19-4100-2020-7c0,CA0194100,8/4/2020,5:16,LONG BEACH,LOS ANGELES,CA,90805,FALSE,FALSE,TRUE,TRUE,call_for_service,,1,1,1
URSUS-19-4100-2020-84f,CA0194100,1/16/2020,19:31,LONG BEACH,LOS ANGELES,CA,90804,FALSE,FALSE,TRUE,TRUE,call_for_service,,1,2,1
URSUS-19-4100-2020-934,CA0194100,2/13/2020,16:24,LONG BEACH,LOS ANGELES,CA,90806,FALSE,FALSE,TRUE,TRUE,in_progress,,1,1,1
URSUS-19-4100-2020-bb6,CA0194100,1/10/2020,6:51,LONG BEACH,LOS ANGELES,CA,90806,FALSE,FALSE,TRUE,TRUE,call_for_service,,1,2,1
URSUS-19-4200-2020-058,CA0194200,8/7/2020,6:16,LOS ANGELES,LOS ANGELES,CA,91335,FALSE,FALSE,TRUE,TRUE,call_for_service,,1,1,1
URSUS-19-4200-2020-09b,CA0194200,8/26/2020,22:15,LOS ANGELES,LOS ANGELES,CA,91304,FALSE,FALSE,TRUE,FALSE,in_progress,,1,5,1
URSUS-19-4200-2020-11e,CA0194200,8/1/2020,5:20,LOS ANGELES,LOS ANGELES,CA,90062,FALSE,FALSE,TRUE,TRUE,call_for_service,,1,1,1
URSUS-19-4200-2020-205,CA0194200,10/18/2020,22:06,LOS ANGELES,LOS ANGELES,CA,90038,FALSE,FALSE,TRUE,TRUE,call_for_service,,1,1,1
URSUS-19-4200-2020-248,CA0194200,5/27/2020,12:00,LOS ANGELES,LOS ANGELES,CA,91606,FALSE,FALSE,FALSE,TRUE,call_for_service,,1,2,1
URSUS-19-4200-2020-263,CA0194200,8/23/2020,18:41,LOS ANGELES,LOS ANGELES,CA,90028,FALSE,FALSE,TRUE,TRUE,call_for_service,,1,4,1
URSUS-19-4200-2020-2ad,CA0194200,2/21/2020,1:29,LOS ANGELES,LOS ANGELES,CA,90044,FALSE,FALSE,TRUE,TRUE,call_for_service,,1,2,1
URSUS-19-4200-2020-30c,CA0194200,8/24/2020,17:40,LOS ANGELES,LOS ANGELES,CA,90003,FALSE,FALSE,TRUE,FALSE,call_for_service,,1,1,1
URSUS-19-4200-2020-37e,CA0194200,10/12/2020,0:30,LOS ANGELES,LOS ANGELES,CA,90015,FALSE,FALSE,FALSE,FALSE,civil_disorder,,1,2,1
URSUS-19-4200-2020-389,CA0194200,10/13/2020,18:00,LOS ANGELES,LOS ANGELES,CA,91335,FALSE,FALSE,TRUE,FALSE,in_progress,,1,3,1
URSUS-19-4200-2020-395,CA0194200,4/4/2020,22:30,LOS ANGELES,LOS ANGELES,CA,90018,FALSE,FALSE,TRUE,TRUE,call_for_service,,1,8,1
URSUS-19-4200-2020-41c,CA0194200,4/15/2020,23:00,LOS ANGELES,LOS ANGELES,CA,90033,FALSE,FALSE,TRUE,TRUE,in_progress,,1,2,1
URSUS-19-4200-2020-497,CA0194200,6/2/2020,14:14,LOS ANGELES,LOS ANGELES,CA,90028,FALSE,FALSE,FALSE,FALSE,civil_disorder,,1,1,1
URSUS-19-4200-2020-4a2,CA0194200,10/23/2020,14:23,LOS ANGELES,LOS ANGELES,CA,90015,FALSE,FALSE,FALSE,FALSE,call_for_service,,1,2,1
URSUS-19-4200-2020-4ce,CA0194200,5/14/2020,13:14,LOS ANGELES,LOS ANGELES,CA,90044,FALSE,FALSE,FALSE,FALSE,call_for_service,,1,3,1
URSUS-19-4200-2020-517,CA0194200,5/23/2020,21:00,LOS ANGELES,LOS ANGELES,CA,91605,FALSE,FALSE,TRUE,FALSE,in_progress,,1,2,1
URSUS-19-4200-2020-591,CA0194200,6/3/2020,0:21,LOS ANGELES,LOS ANGELES,CA,90003,FALSE,FALSE,FALSE,TRUE,call_for_service,,1,1,1
URSUS-19-4200-2020-5ad,CA0194200,6/9/2020,16:46,LOS ANGELES,LOS ANGELES,CA,90012,FALSE,FALSE,FALSE,FALSE,call_for_service,,1,3,1
URSUS-19-4200-2020-5e2,CA0194200,5/26/2020,20:22,LOS ANGELES,LOS ANGELES,CA,90059,FALSE,FALSE,TRUE,TRUE,in_progress,,1,7,1
URSUS-19-4200-2020-696,CA0194200,5/31/2020,21:30,LOS ANGELES,LOS ANGELES,CA,90004,FALSE,FALSE,TRUE,TRUE,call_for_service,,1,3,1
URSUS-19-4200-2020-6dc,CA0194200,5/31/2020,15:58,LOS ANGELES,LOS ANGELES,CA,90291,FALSE,FALSE,TRUE,TRUE,call_for_service,,1,1,1
URSUS-19-4200-2020-736,CA0194200,4/9/2020,11:00,LOS ANGELES,LOS ANGELES,CA,90044,FALSE,FALSE,TRUE,TRUE,call_for_service,,1,1,1
URSUS-19-4200-2020-74e,CA0194200,10/14/2020,21:51,LOS ANGELES,LOS ANGELES,CA,90061,FALSE,FALSE,FALSE,TRUE,in_progress,,1,1,1
URSUS-19-4200-2020-777,CA0194200,1/5/2020,0:12,LOS ANGELES,LOS ANGELES,CA,90031,FALSE,FALSE,TRUE,TRUE,in_progress,,1,1,1
URSUS-19-4200-2020-80c,CA0194200,2/1/2020,17:05,LOS ANGELES,LOS ANGELES,CA,91401,FALSE,FALSE,TRUE,TRUE,in_progress,,1,4,1
URSUS-19-4200-2020-828,CA0194200,4/30/2020,21:39,LOS ANGELES,LOS ANGELES,CA,90011,FALSE,FALSE,FALSE,FALSE,in_progress,,1,2,1
URSUS-19-4200-2020-869,CA0194200,4/22/2020,17:38,LOS ANGELES,LOS ANGELES,CA,90011,FALSE,FALSE,FALSE,TRUE,in_progress,,1,1,1
URSUS-19-4200-2020-881,CA0194200,11/20/2020,22:50,LOS ANGELES,LOS ANGELES,CA,90059,FALSE,FALSE,TRUE,TRUE,in_progress,,2,1,1
URSUS-19-4200-2020-8e9,CA0194200,5/30/2020,16:20,LOS ANGELES,LOS ANGELES,CA,90048,FALSE,FALSE,FALSE,TRUE,call_for_service,,1,1,1
URSUS-19-4200-2020-8f3,CA0194200,3/22/2020,8:19,LOS ANGELES,LOS ANGELES,CA,90012,FALSE,FALSE,TRUE,TRUE,call_for_service,,1,2,1
URSUS-19-4200-2020-927,CA0194200,7/26/2020,23:00,SAN FERNANDO,LOS ANGELES,CA,91340,FALSE,FALSE,FALSE,FALSE,call_for_service,,1,10,1
URSUS-19-4200-2020-95c,CA0194200,11/14/2020,20:38,LOS ANGELES,LOS ANGELES,CA,91402,FALSE,FALSE,TRUE,TRUE,in_progress,,1,2,1
URSUS-19-4200-2020-963,CA0194200,12/13/2020,21:30,LOS ANGELES,LOS ANGELES,CA,90032,FALSE,FALSE,TRUE,TRUE,call_for_service,,1,5,1
URSUS-19-4200-2020-9f8,CA0194200,7/22/2020,13:15,LOS ANGELES,LOS ANGELES,CA,90068,FALSE,FALSE,TRUE,TRUE,call_for_service,,1,4,1
URSUS-19-4200-2020-a28,CA0194200,6/26/2020,16:00,LOS ANGELES,LOS ANGELES,CA,90036,FALSE,FALSE,TRUE,TRUE,in_progress,,1,4,1
URSUS-19-4200-2020-a31,CA0194200,2/25/2020,22:09,LOS ANGELES,LOS ANGELES,CA,90011,FALSE,FALSE,TRUE,TRUE,ambush,,1,2,1
URSUS-19-4200-2020-a38,CA0194200,1/5/2020,4:00,LOS ANGELES,LOS ANGELES,CA,91606,FALSE,FALSE,FALSE,FALSE,call_for_service,,1,9,1
URSUS-19-4200-2020-ab9,CA0194200,3/31/2020,17:00,WHITTIER,LOS ANGELES,CA,90605,FALSE,FALSE,TRUE,TRUE,pre_planned,,1,1,1
URSUS-19-4200-2020-acf,CA0194200,8/5/2020,14:11,LOS ANGELES,LOS ANGELES,CA,90038,FALSE,FALSE,TRUE,TRUE,call_for_service,,1,3,1
URSUS-19-4200-2020-b19,CA0194200,9/6/2020,23:58,LOS ANGELES,LOS ANGELES,CA,90037,FALSE,FALSE,TRUE,TRUE,call_for_service,,1,2,1
URSUS-19-4200-2020-b43,CA0194200,9/26/2020,21:59,LOS ANGELES,LOS ANGELES,CA,90731,FALSE,FALSE,TRUE,TRUE,ambush,,1,5,1
URSUS-19-4200-2020-b46,CA0194200,2/16/2020,20:30,LOS ANGELES,LOS ANGELES,CA,90004,FALSE,FALSE,TRUE,TRUE,call_for_service,,1,1,1
URSUS-19-4200-2020-b91,CA0194200,10/10/2020,11:40,LOS ANGELES,LOS ANGELES,CA,90066,FALSE,FALSE,TRUE,FALSE,in_progress,,1,8,1
URSUS-19-4200-2020-bf8,CA0194200,6/25/2020,4:05,LOS ANGELES,LOS ANGELES,CA,90061,FALSE,FALSE,TRUE,TRUE,call_for_service,,1,1,1
URSUS-19-4200-2020-c03,CA0194200,10/15/2020,2:20,LOS ANGELES,LOS ANGELES,CA,90061,FALSE,FALSE,TRUE,TRUE,in_progress,,10,23,1
URSUS-19-4200-2020-c31,CA0194200,6/11/2020,17:40,LOS ANGELES,LOS ANGELES,CA,90710,FALSE,FALSE,TRUE,TRUE,call_for_service,,1,4,1
URSUS-19-4200-2020-c63,CA0194200,11/1/2020,18:36,LOS ANGELES,LOS ANGELES,CA,91344,FALSE,FALSE,TRUE,TRUE,call_for_service,,1,1,1
URSUS-19-4200-2020-c9b,CA0194200,3/30/2020,1:28,WOODLAND HILLS,LOS ANGELES,CA,91364,FALSE,FALSE,FALSE,TRUE,ambush,,1,1,1
URSUS-19-4200-2020-cf3,CA0194200,6/7/2020,22:30,LOS ANGELES,LOS ANGELES,CA,91601,FALSE,FALSE,TRUE,TRUE,call_for_service,,1,1,1
URSUS-19-4200-2020-cff,CA0194200,1/11/2020,12:39,LOS ANGELES,LOS ANGELES,CA,90019,FALSE,FALSE,FALSE,TRUE,call_for_service,,1,1,1
URSUS-19-4200-2020-d3c,CA0194200,11/6/2020,16:46,LOS ANGELES,LOS ANGELES,CA,91324,FALSE,FALSE,FALSE,FALSE,call_for_service,,1,7,1
URSUS-19-4200-2020-d4d,CA0194200,4/13/2020,12:05,TORRANCE,LOS ANGELES,CA,90501,TRUE,FALSE,TRUE,TRUE,pre_planned,,1,7,1
URSUS-19-4200-2020-da5,CA0194200,7/19/2020,18:20,LOS ANGELES,LOS ANGELES,CA,90031,FALSE,FALSE,TRUE,TRUE,call_for_service,,1,4,1
URSUS-19-4200-2020-db9,CA0194200,3/1/2020,13:20,LOS ANGELES,LOS ANGELES,CA,90047,FALSE,FALSE,TRUE,TRUE,call_for_service,,1,2,1
URSUS-19-4200-2020-dec,CA0194200,2/9/2020,13:02,LOS ANGELES,LOS ANGELES,CA,91331,FALSE,FALSE,TRUE,TRUE,in_progress,,1,6,1
URSUS-19-4200-2020-e08,CA0194200,3/1/2020,13:10,LOS ANGELES,LOS ANGELES,CA,90047,FALSE,FALSE,FALSE,FALSE,call_for_service,,1,3,1
URSUS-19-4200-2020-e5a,CA0194200,10/15/2020,0:56,LOS ANGELES,LOS ANGELES,CA,91306,FALSE,FALSE,TRUE,TRUE,call_for_service,,1,1,1
URSUS-19-4200-2020-e8d,CA0194200,9/24/2020,12:27,LOS ANGELES,LOS ANGELES,CA,91406,FALSE,FALSE,TRUE,FALSE,call_for_service,,1,1,1
URSUS-19-4200-2020-ea3,CA0194200,9/21/2020,21:25,LOS ANGELES,LOS ANGELES,CA,91303,FALSE,FALSE,TRUE,FALSE,call_for_service,,1,7,1
URSUS-19-4200-2020-ee4,CA0194200,10/17/2020,23:30,LOS ANGELES,LOS ANGELES,CA,90007,FALSE,FALSE,TRUE,TRUE,in_progress,,1,2,1
URSUS-19-4200-2020-f2b,CA0194200,5/30/2020,19:09,LOS ANGELES,LOS ANGELES,CA,90036,FALSE,FALSE,FALSE,FALSE,civil_disorder,,2,2,1
URSUS-19-4200-2020-f64,CA0194200,5/30/2020,1:50,LOS ANGELES,LOS ANGELES,CA,90014,FALSE,FALSE,TRUE,TRUE,civil_disorder,,1,2,1
URSUS-19-4200-2020-fa4,CA0194200,6/26/2020,10:00,LOS ANGELES,LOS ANGELES,CA,91325,FALSE,FALSE,TRUE,TRUE,call_for_service,,1,13,1
URSUS-19-4700-2020-40e,CA0194700,7/22/2020,22:08,MONTEBELLO,LOS ANGELES,CA,90640,FALSE,FALSE,TRUE,TRUE,call_for_service,,1,3,1
URSUS-19-4700-2020-4f7,CA0194700,1/12/2020,13:02,MONTEBELLO,LOS ANGELES,CA,90640,FALSE,FALSE,TRUE,TRUE,pre_planned,,1,3,1
URSUS-19-5300-2020-4f1,CA0195300,8/15/2020,19:52,PASADENA,LOS ANGELES,CA,91103,FALSE,FALSE,FALSE,TRUE,vehicle_bike_pedestrian,,1,1,1
URSUS-19-5300-2020-bdc,CA0195300,5/8/2020,15:10,PASADENA,LOS ANGELES,CA,91107,FALSE,FALSE,FALSE,TRUE,vehicle_bike_pedestrian,,1,4,1
URSUS-19-5500-2020-141,CA0195500,7/5/2020,18:05,POMONA,LOS ANGELES,CA,91766,TRUE,FALSE,FALSE,TRUE,call_for_service,,1,3,1
URSUS-19-5500-2020-34d,CA0195500,3/30/2020,19:15,POMONA,LOS ANGELES,CA,91767,TRUE,FALSE,FALSE,TRUE,call_for_service,,1,1,1
URSUS-19-5500-2020-aba,CA0195500,6/29/2020,15:35,MONTCLAIR,SAN BERNARDINO,CA,91763,FALSE,FALSE,FALSE,TRUE,call_for_service,,1,5,1
URSUS-19-5600-2020-e0b,CA0195600,6/27/2020,6:37,REDONDO BEACH,LOS ANGELES,CA,90277,FALSE,FALSE,TRUE,TRUE,in_progress,,1,2,1
URSUS-19-6100-2020-434,CA0196100,5/1/2020,22:55,SAN FERNANDO,LOS ANGELES,CA,91340,TRUE,FALSE,TRUE,TRUE,vehicle_bike_pedestrian,,1,1,1
URSUS-19-6100-2020-653,CA0196100,1/20/2020,3:10,SYLMAR,LOS ANGELES,CA,91342,FALSE,FALSE,TRUE,TRUE,vehicle_bike_pedestrian,,1,2,1
URSUS-19-7200-2020-bb0,CA0197200,3/15/2020,17:53,TORRANCE,LOS ANGELES,CA,90505,FALSE,FALSE,TRUE,TRUE,in_progress,,1,1,1
URSUS-19-7200-2020-bc6,CA0197200,3/8/2020,10:48,TORRANCE,LOS ANGELES,CA,90504,FALSE,FALSE,TRUE,TRUE,call_for_service,,1,1,1
URSUS-19-7600-2020-5f7,CA0197600,3/16/2020,22:15,WHITTIER,LOS ANGELES,CA,90604,FALSE,FALSE,TRUE,TRUE,call_for_service,,1,1,1
URSUS-19-7600-2020-618,CA0197600,3/19/2020,22:15,ROWLAND HEIGHTS,LOS ANGELES,CA,91748,FALSE,FALSE,TRUE,TRUE,vehicle_bike_pedestrian,,1,1,1
URSUS-19-7600-2020-72b,CA0197600,11/9/2020,18:01,SANTA FE SPRINGS,LOS ANGELES,CA,90670,FALSE,FALSE,FALSE,TRUE,call_for_service,,1,1,1
URSUS-19-7600-2020-85d,CA0197600,2/4/2020,7:52,WHITTIER,LOS ANGELES,CA,90601,FALSE,FALSE,TRUE,TRUE,call_for_service,,1,1,1
URSUS-19-7600-2020-df7,CA0197600,4/30/2020,11:45,WHITTIER,LOS ANGELES,CA,90602,FALSE,FALSE,TRUE,TRUE,vehicle_bike_pedestrian,,1,2,1
URSUS-20-0000-2020-693,CA0200000,3/26/2020,10:01,OAKHURST,MADERA,CA,93644,FALSE,FALSE,TRUE,TRUE,call_for_service,,1,1,1
URSUS-20-0000-2020-a0e,CA0200000,4/29/2020,14:57,MADERA,MADERA,CA,93637,FALSE,FALSE,FALSE,TRUE,pre_planned,,1,3,1
URSUS-20-0100-2020-200,CA0200100,7/4/2020,16:39,CHOWCHILLA,MADERA,CA,93610,FALSE,FALSE,TRUE,TRUE,call_for_service,,1,3,1
URSUS-22-0000-2020-75d,CA0220000,10/28/2020,19:32,MARIPOSA,MARIPOSA,CA,95338,FALSE,FALSE,TRUE,TRUE,ambush,,1,1,1
URSUS-23-0000-2020-0e9,CA0230000,8/1/2020,13:44,ALBION,MENDOCINO,CA,95410,FALSE,FALSE,TRUE,TRUE,vehicle_bike_pedestrian,,1,1,1
URSUS-23-0100-2020-359,CA0230100,11/6/2020,15:08,FORT BRAGG,MENDOCINO,CA,95437,FALSE,FALSE,TRUE,TRUE,vehicle_bike_pedestrian,,1,1,1
URSUS-24-0000-2020-014,CA0240000,8/16/2020,3:00,DOS PALOS,MERCED,CA,93620,FALSE,FALSE,FALSE,TRUE,call_for_service,,1,2,1
URSUS-25-0000-2020-ed3,CA0250000,4/6/2020,19:00,MCARTHUR,SHASTA,CA,96056,FALSE,FALSE,TRUE,TRUE,call_for_service,,1,2,1
URSUS-26-0100-2020-9d4,CA0260100,1/10/2020,21:15,MAMMOTH LAKES,MONO,CA,93546,FALSE,FALSE,TRUE,TRUE,vehicle_bike_pedestrian,,1,3,1
URSUS-27-0300-2020-074,CA0270300,11/7/2020,1:29,GONZALES,MONTEREY,CA,93926,FALSE,FALSE,TRUE,TRUE,call_for_service,,1,3,2
URSUS-27-0600-2020-667,CA0270600,7/13/2020,23:11,MONTEREY,MONTEREY,CA,93940,FALSE,FALSE,TRUE,TRUE,call_for_service,,1,1,1
URSUS-28-0000-2020-9df,CA0280000,4/24/2020,16:01,NAPA,NAPA,CA,94558,FALSE,FALSE,FALSE,TRUE,in_progress,,1,1,1
URSUS-28-0000-2020-bfe,CA0280000,10/5/2020,22:13,NAPA,NAPA,CA,94558,FALSE,FALSE,FALSE,TRUE,vehicle_bike_pedestrian,,1,1,1
URSUS-28-0200-2020-0b9,CA0280200,5/2/2020,12:14,NAPA,NAPA,CA,94559,FALSE,FALSE,TRUE,TRUE,call_for_service,,1,2,1
URSUS-28-0200-2020-421,CA0280200,2/9/2020,17:05,NAPA,NAPA,CA,94558,FALSE,FALSE,TRUE,TRUE,call_for_service,,1,1,1
URSUS-28-0200-2020-62d,CA0280200,11/12/2020,16:44,NAPA,NAPA,CA,94559,FALSE,FALSE,TRUE,TRUE,call_for_service,,1,1,1
URSUS-28-0200-2020-a03,CA0280200,3/1/2020,1:11,NAPA,NAPA,CA,94558,FALSE,FALSE,TRUE,TRUE,vehicle_bike_pedestrian,,1,1,1
URSUS-28-0200-2020-f4a,CA0280200,9/11/2020,7:34,NAPA,NAPA,CA,94559,FALSE,FALSE,TRUE,TRUE,call_for_service,,1,3,1
URSUS-29-0000-2020-6dc,CA0290000,1/1/2020,12:48,GRASS VALLEY,NEVADA,CA,95945,FALSE,FALSE,FALSE,FALSE,call_for_service,,1,3,2
URSUS-30-0000-2020-113,CA0300000,5/14/2020,15:10,MISSION VIEJO,ORANGE,CA,92692,FALSE,FALSE,TRUE,TRUE,pre_planned,,1,4,1
URSUS-30-0000-2020-11f,CA0300000,5/13/2020,15:54,ALISO VIEJO,ORANGE,CA,92656,FALSE,FALSE,TRUE,TRUE,in_progress,,1,3,1
URSUS-30-0000-2020-137,CA0300000,7/31/2020,23:00,SAN JUAN CAPISTRANO,ORANGE,CA,92675,FALSE,FALSE,TRUE,TRUE,call_for_service,,1,4,1
URSUS-30-0000-2020-17f,CA0300000,6/24/2020,1:11,LAKE FOREST,ORANGE,CA,92630,FALSE,FALSE,FALSE,TRUE,in_progress,,1,3,1
URSUS-30-0000-2020-28a,CA0300000,6/28/2020,12:21,ORANGEVALE,ORANGE,CA,92868,FALSE,FALSE,TRUE,TRUE,in_custody_event,booked_awaiting_trial,1,7,1
URSUS-30-0000-2020-326,CA0300000,3/8/2020,17:36,ORANGEVALE,ORANGE,CA,92868,FALSE,FALSE,TRUE,TRUE,in_custody_event,booked_awaiting_trial,1,2,1
URSUS-30-0000-2020-3ca,CA0300000,6/22/2020,20:35,BURBANK,LOS ANGELES,CA,91505,FALSE,FALSE,TRUE,TRUE,pre_planned,,2,3,1
URSUS-30-0000-2020-442,CA0300000,9/23/2020,13:12,SAN CLEMENTE,ORANGE,CA,92672,FALSE,FALSE,TRUE,TRUE,vehicle_bike_pedestrian,,1,2,1
URSUS-30-0000-2020-678,CA0300000,3/10/2020,22:37,SAN JUAN CAPISTRANO,ORANGE,CA,92675,FALSE,FALSE,TRUE,TRUE,call_for_service,,1,2,1
URSUS-30-0000-2020-6f9,CA0300000,5/17/2020,18:20,DANA POINT,ORANGE,CA,92629,FALSE,FALSE,TRUE,TRUE,call_for_service,,1,2,1
URSUS-30-0000-2020-94b,CA0300000,2/23/2020,18:55,TRABUCO CANYON,ORANGE,CA,92688,FALSE,FALSE,TRUE,TRUE,in_progress,,1,1,1
URSUS-30-0000-2020-a31,CA0300000,3/3/2020,11:30,ORANGEVALE,ORANGE,CA,92868,FALSE,FALSE,TRUE,TRUE,in_custody_event,booked_awaiting_trial,2,6,1
URSUS-30-0000-2020-a73,CA0300000,3/22/2020,17:30,LAGUNA NIGUEL,ORANGE,CA,92677,FALSE,FALSE,TRUE,TRUE,call_for_service,,1,4,1
URSUS-30-0000-2020-b33,CA0300000,5/11/2020,12:30,LAGUNA NIGUEL,ORANGE,CA,92677,FALSE,FALSE,FALSE,TRUE,call_for_service,,1,2,1
URSUS-30-0000-2020-d92,CA0300000,5/1/2020,2:03,MISSION VIEJO,ORANGE,CA,92691,FALSE,FALSE,TRUE,TRUE,call_for_service,,1,3,1
URSUS-30-0000-2020-eae,CA0300000,9/18/2020,17:18,STANTON,ORANGE,CA,90680,FALSE,FALSE,TRUE,TRUE,in_progress,,1,1,1
URSUS-30-0000-2020-f3f,CA0300000,2/18/2020,20:00,ANAHEIM,ORANGE,CA,92817,FALSE,FALSE,TRUE,TRUE,call_for_service,,1,1,1
URSUS-30-0000-2020-f85,CA0300000,4/21/2020,19:30,LAGUNA NIGUEL,ORANGE,CA,92677,FALSE,FALSE,TRUE,TRUE,call_for_service,,1,1,1
URSUS-30-0100-2020-2d9,CA0300100,4/4/2020,5:10,ANAHEIM,ORANGE,CA,92802,FALSE,FALSE,TRUE,TRUE,call_for_service,,1,1,1
URSUS-30-0100-2020-53d,CA0300100,11/13/2020,16:15,BUENA PARK,ORANGE,CA,90620,FALSE,FALSE,TRUE,TRUE,call_for_service,,1,1,1
URSUS-30-0100-2020-ae6,CA0300100,8/29/2020,19:46,ANAHEIM,ORANGE,CA,92806,FALSE,FALSE,TRUE,FALSE,pre_planned,,1,2,1
URSUS-30-0100-2020-e61,CA0300100,11/9/2020,5:54,ANAHEIM,ORANGE,CA,92801,FALSE,FALSE,TRUE,TRUE,in_progress,,1,1,1
URSUS-30-0200-2020-d77,CA0300200,2/25/2020,17:32,BREA,ORANGE,CA,92823,FALSE,FALSE,FALSE,TRUE,call_for_service,,1,3,1
URSUS-30-0400-2020-632,CA0300400,8/16/2020,22:09,COSTA MESA,ORANGE,CA,92626,FALSE,FALSE,TRUE,TRUE,call_for_service,,1,2,1
URSUS-30-0700-2020-110,CA0300700,4/30/2020,12:03,FOUNTAIN VALLEY,ORANGE,CA,92708,FALSE,FALSE,TRUE,TRUE,call_for_service,,1,5,1
URSUS-30-0800-2020-142,CA0300800,5/3/2020,21:32,FULLERTON,ORANGE,CA,92831,FALSE,FALSE,FALSE,TRUE,in_progress,,1,3,1
URSUS-30-0800-2020-ef5,CA0300800,5/27/2020,22:01,FULLERTON,ORANGE,CA,92833,FALSE,FALSE,FALSE,TRUE,call_for_service,,1,1,1
URSUS-30-0900-2020-93a,CA0300900,2/26/2020,1:25,GARDEN GROVE,ORANGE,CA,92840,FALSE,FALSE,TRUE,TRUE,consensual,,1,1,1
URSUS-30-1900-2020-052,CA0301900,3/1/2020,16:10,SANTA ANA,ORANGE,CA,92704,FALSE,FALSE,FALSE,TRUE,call_for_service,,1,1,1
URSUS-30-1900-2020-70c,CA0301900,1/20/2020,23:21,FOUNTAIN VALLEY,ORANGE,CA,92708,FALSE,FALSE,FALSE,TRUE,pre_planned,,1,2,1
URSUS-30-2000-2020-8c5,CA0302000,6/6/2020,18:51,SEAL BEACH,ORANGE,CA,90740,FALSE,TRUE,TRUE,TRUE,call_for_service,out_of_court,1,3,1
URSUS-30-2400-2020-feb,CA0302400,11/14/2020,18:52,WESTMINSTER,ORANGE,CA,92683,FALSE,FALSE,FALSE,TRUE,call_for_service,,1,2,1
URSUS-31-0000-2020-0e3,CA0310000,5/17/2020,11:34,AUBURN,PLACER,CA,95602,FALSE,FALSE,TRUE,TRUE,call_for_service,,1,4,1
URSUS-31-0000-2020-245,CA0310000,10/30/2020,23:22,COLFAX,PLACER,CA,95713,FALSE,FALSE,TRUE,TRUE,in_progress,,1,1,1
URSUS-31-0000-2020-2dd,CA0310000,7/28/2020,0:11,LOOMIS,PLACER,CA,95650,FALSE,FALSE,TRUE,TRUE,vehicle_bike_pedestrian,,1,1,1
URSUS-31-0000-2020-339,CA0310000,11/6/2020,19:55,KINGS BEACH,PLACER,CA,96143,FALSE,FALSE,TRUE,TRUE,vehicle_bike_pedestrian,,1,1,1
URSUS-31-0000-2020-47b,CA0310000,8/30/2020,23:08,AUBURN,PLACER,CA,95603,FALSE,FALSE,TRUE,TRUE,in_progress,,1,1,1
URSUS-31-0000-2020-6fa,CA0310000,9/16/2020,10:07,LINCOLN,PLACER,CA,95648,FALSE,FALSE,TRUE,TRUE,in_progress,,1,2,1
URSUS-31-0000-2020-7fc,CA0310000,8/10/2020,15:45,MEADOW VISTA,PLACER,CA,95722,FALSE,FALSE,TRUE,TRUE,call_for_service,,1,1,1
URSUS-31-0000-2020-9c9,CA0310000,6/5/2020,7:30,COLFAX,PLACER,CA,95713,FALSE,FALSE,TRUE,TRUE,pre_planned,,1,1,1
URSUS-31-0000-2020-a22,CA0310000,3/23/2020,15:01,AUBURN,PLACER,CA,95603,FALSE,FALSE,TRUE,TRUE,call_for_service,,1,1,1
URSUS-31-0000-2020-b5c,CA0310000,5/7/2020,9:30,APPLEGATE,PLACER,CA,95703,FALSE,FALSE,TRUE,TRUE,pre_planned,,1,2,1
URSUS-31-0000-2020-cff,CA0310000,3/4/2020,20:59,COLFAX,PLACER,CA,95713,FALSE,FALSE,TRUE,TRUE,call_for_service,,1,5,1
URSUS-31-0000-2020-f09,CA0310000,4/14/2020,13:31,AUBURN,PLACER,CA,95603,FALSE,FALSE,TRUE,TRUE,in_progress,,1,1,1
URSUS-31-0500-2020-572,CA0310500,7/20/2020,7:15,ROSEWOOD,PLACER,CA,95678,FALSE,FALSE,TRUE,TRUE,call_for_service,,1,1,1
URSUS-32-0000-2020-35d,CA0320000,7/21/2020,0:30,QUINCY,PLUMAS,CA,95971,FALSE,FALSE,TRUE,TRUE,in_custody_event,awaiting_booking,1,3,1
URSUS-32-0000-2020-b1b,CA0320000,1/27/2020,14:53,CHESTER,PLUMAS,CA,96020,FALSE,FALSE,TRUE,TRUE,in_progress,,1,1,1
URSUS-33-0000-2020-0e9,CA0330000,3/18/2020,6:15,INDIO,RIVERSIDE,CA,92203,FALSE,FALSE,TRUE,TRUE,call_for_service,,1,2,1
URSUS-33-0000-2020-120,CA0330000,9/24/2020,13:25,LA QUINTA,RIVERSIDE,CA,92253,FALSE,FALSE,FALSE,TRUE,call_for_service,,1,1,1
URSUS-33-0000-2020-2b0,CA0330000,8/7/2020,14:38,RANCHO MIRAGE,RIVERSIDE,CA,92270,FALSE,FALSE,FALSE,TRUE,in_progress,,1,1,1
URSUS-33-0000-2020-308,CA0330000,4/1/2020,6:11,AGUANGA,RIVERSIDE,CA,92536,FALSE,FALSE,FALSE,TRUE,vehicle_bike_pedestrian,,1,2,1
URSUS-33-0000-2020-363,CA0330000,1/21/2020,20:20,TEMECULA,RIVERSIDE,CA,92592,FALSE,FALSE,TRUE,TRUE,call_for_service,,1,2,1
URSUS-33-0000-2020-3e9,CA0330000,10/2/2020,19:42,LAKE ELSINORE,RIVERSIDE,CA,92530,FALSE,FALSE,TRUE,TRUE,call_for_service,,1,1,1
URSUS-33-0000-2020-3ff,CA0330000,9/27/2020,21:35,SAN JACINTO,RIVERSIDE,CA,92583,FALSE,FALSE,TRUE,TRUE,call_for_service,,1,1,1
URSUS-33-0000-2020-430,CA0330000,3/17/2020,8:35,MORENO VALLEY,RIVERSIDE,CA,92553,FALSE,FALSE,TRUE,TRUE,call_for_service,,1,1,1
URSUS-33-0000-2020-43d,CA0330000,11/14/2020,2:58,CORONA,RIVERSIDE,CA,92880,FALSE,FALSE,TRUE,TRUE,call_for_service,,1,7,1
URSUS-33-0000-2020-566,CA0330000,3/17/2020,11:46,INDIO,RIVERSIDE,CA,92201,FALSE,FALSE,TRUE,TRUE,call_for_service,,1,2,1
URSUS-33-0000-2020-7b2,CA0330000,10/21/2020,23:24,CORONA,RIVERSIDE,CA,92880,FALSE,FALSE,FALSE,TRUE,call_for_service,,1,2,1
URSUS-33-0000-2020-7bd,CA0330000,7/13/2020,11:47,COACHELLA,RIVERSIDE,CA,92236,FALSE,FALSE,TRUE,TRUE,call_for_service,,1,1,1
URSUS-33-0000-2020-920,CA0330000,6/22/2020,22:15,PALM DESERT,RIVERSIDE,CA,92211,FALSE,FALSE,FALSE,TRUE,call_for_service,,1,3,1
URSUS-33-0000-2020-944,CA0330000,4/28/2020,14:31,LA QUINTA,RIVERSIDE,CA,92253,FALSE,FALSE,TRUE,TRUE,call_for_service,,1,2,1
URSUS-33-0000-2020-c8b,CA0330000,4/7/2020,18:15,LA QUINTA,RIVERSIDE,CA,92253,FALSE,FALSE,FALSE,TRUE,call_for_service,,1,2,1
URSUS-33-0000-2020-cd3,CA0330000,1/2/2020,8:52,MURRIETA,RIVERSIDE,CA,92562,FALSE,FALSE,FALSE,TRUE,call_for_service,,1,4,1
URSUS-33-0000-2020-dfa,CA0330000,3/24/2020,19:10,BANNING,RIVERSIDE,CA,92220,FALSE,FALSE,FALSE,FALSE,in_custody_event,sentenced,1,3,1
URSUS-33-0000-2020-e6a,CA0330000,11/20/2020,20:39,MORENO VALLEY,RIVERSIDE,CA,92553,FALSE,FALSE,TRUE,TRUE,vehicle_bike_pedestrian,,1,2,1
URSUS-33-0000-2020-edb,CA0330000,3/31/2020,10:28,WILDOMAR,RIVERSIDE,CA,92595,FALSE,FALSE,TRUE,TRUE,consensual,,1,1,1
URSUS-33-0000-2020-f99,CA0330000,10/17/2020,8:50,LAKE ELSINORE,RIVERSIDE,CA,92530,FALSE,FALSE,TRUE,TRUE,call_for_service,,1,3,1
URSUS-33-0800-2020-026,CA0330800,5/2/2020,17:12,HEMET,RIVERSIDE,CA,92545,FALSE,FALSE,TRUE,TRUE,call_for_service,,1,1,1
URSUS-33-0800-2020-199,CA0330800,3/20/2020,2:00,HEMET,RIVERSIDE,CA,92545,FALSE,FALSE,TRUE,TRUE,call_for_service,,1,4,1
URSUS-33-0800-2020-64a,CA0330800,2/2/2020,23:21,HEMET,RIVERSIDE,CA,92543,FALSE,FALSE,TRUE,TRUE,vehicle_bike_pedestrian,,1,2,1
URSUS-33-0800-2020-9bd,CA0330800,3/29/2020,1:45,HEMET,RIVERSIDE,CA,92545,FALSE,FALSE,TRUE,TRUE,vehicle_bike_pedestrian,,1,1,1
URSUS-33-0800-2020-c74,CA0330800,1/30/2020,7:37,HEMET,RIVERSIDE,CA,92545,FALSE,FALSE,TRUE,TRUE,call_for_service,,1,2,1
URSUS-33-0800-2020-d0c,CA0330800,6/12/2020,3:37,HEMET,RIVERSIDE,CA,92545,FALSE,FALSE,TRUE,TRUE,in_progress,,1,1,1
URSUS-33-0800-2020-d39,CA0330800,8/16/2020,6:33,HEMET,RIVERSIDE,CA,92543,FALSE,FALSE,FALSE,TRUE,vehicle_bike_pedestrian,,1,2,1
URSUS-33-0800-2020-d8a,CA0330800,1/19/2020,4:01,HEMET,RIVERSIDE,CA,92543,FALSE,FALSE,FALSE,TRUE,call_for_service,,1,1,1
URSUS-33-0800-2020-ed3,CA0330800,6/5/2020,1:30,HEMET,RIVERSIDE,CA,92545,FALSE,FALSE,TRUE,TRUE,vehicle_bike_pedestrian,,1,1,1
URSUS-33-1100-2020-3af,CA0331100,2/20/2020,18:45,PALM SPRINGS,RIVERSIDE,CA,92264,FALSE,FALSE,TRUE,TRUE,welfare_check,,1,2,1
URSUS-33-1100-2020-50a,CA0331100,1/23/2020,19:38,PALM SPRINGS,RIVERSIDE,CA,92262,FALSE,FALSE,TRUE,TRUE,vehicle_bike_pedestrian,,1,1,1
URSUS-33-1100-2020-8be,CA0331100,10/21/2020,2:01,PALM SPRINGS,RIVERSIDE,CA,92262,FALSE,FALSE,TRUE,TRUE,call_for_service,,2,3,1
URSUS-33-1100-2020-df0,CA0331100,1/10/2020,22:44,PALM SPRINGS,RIVERSIDE,CA,92262,FALSE,FALSE,TRUE,TRUE,vehicle_bike_pedestrian,,1,1,1
URSUS-33-1300-2020-389,CA0331300,7/21/2020,18:24,RIVERSIDE,RIVERSIDE,CA,92506,FALSE,FALSE,TRUE,TRUE,pre_planned,,1,3,1
URSUS-33-1300-2020-531,CA0331300,9/2/2020,15:08,RIVERSIDE,RIVERSIDE,CA,92507,FALSE,FALSE,TRUE,TRUE,vehicle_bike_pedestrian,,1,3,1
URSUS-33-1300-2020-575,CA0331300,10/8/2020,9:50,RIVERSIDE,RIVERSIDE,CA,92503,FALSE,FALSE,TRUE,TRUE,call_for_service,,1,7,1
URSUS-33-1300-2020-69e,CA0331300,1/29/2020,1:25,RIVERSIDE,RIVERSIDE,CA,92504,FALSE,FALSE,TRUE,TRUE,call_for_service,,1,2,1
URSUS-33-1300-2020-829,CA0331300,5/9/2020,17:12,RIVERSIDE,RIVERSIDE,CA,92506,FALSE,FALSE,TRUE,TRUE,call_for_service,,1,3,1
URSUS-33-1300-2020-98a,CA0331300,3/10/2020,22:00,RIVERSIDE,RIVERSIDE,CA,92505,FALSE,FALSE,TRUE,TRUE,pre_planned,,1,1,1
URSUS-33-1300-2020-c88,CA0331300,3/2/2020,20:47,RIVERSIDE,RIVERSIDE,CA,92505,FALSE,FALSE,TRUE,TRUE,vehicle_bike_pedestrian,,1,3,1
URSUS-33-1300-2020-db4,CA0331300,1/2/2020,7:30,RIVERSIDE,RIVERSIDE,CA,92505,FALSE,FALSE,TRUE,TRUE,call_for_service,,1,3,1
URSUS-33-1300-2020-dc2,CA0331300,9/6/2020,4:33,RIVERSIDE,RIVERSIDE,CA,92503,FALSE,FALSE,TRUE,TRUE,vehicle_bike_pedestrian,,1,2,1
URSUS-33-1500-2020-18a,CA0331500,12/17/2020,17:38,CORONA,RIVERSIDE,CA,92881,FALSE,FALSE,TRUE,TRUE,call_for_service,,1,2,1
URSUS-33-2500-2020-bac,CA0332500,11/21/2020,3:14,CATHEDRAL CITY,RIVERSIDE,CA,92234,FALSE,FALSE,TRUE,TRUE,vehicle_bike_pedestrian,,1,1,1
URSUS-33-4200-2020-7a9,CA0334200,6/29/2020,20:15,MURRIETA,RIVERSIDE,CA,92562,FALSE,FALSE,TRUE,TRUE,call_for_service,,1,3,1
URSUS-33-4900-2020-268,CA0334900,11/15/2020,23:07,LAKE ELSINORE,RIVERSIDE,CA,92532,FALSE,FALSE,TRUE,TRUE,call_for_service,,1,1,1
URSUS-34-0000-2020-02a,CA0340000,8/22/2020,20:00,SACRAMENTO,SACRAMENTO,CA,95827,FALSE,FALSE,FALSE,TRUE,call_for_service,,1,2,1
URSUS-34-0000-2020-058,CA0340000,5/17/2020,14:50,SACRAMENTO,SACRAMENTO,CA,95814,FALSE,FALSE,FALSE,FALSE,in_custody_event,sentenced,1,1,1
URSUS-34-0000-2020-2df,CA0340000,12/19/2020,6:32,SACRAMENTO,SACRAMENTO,CA,95841,FALSE,FALSE,TRUE,TRUE,call_for_service,,1,1,1
URSUS-34-0000-2020-5c9,CA0340000,2/7/2020,21:22,SACRAMENTO,SACRAMENTO,CA,95826,FALSE,FALSE,FALSE,TRUE,call_for_service,,1,1,1
URSUS-34-0000-2020-5d0,CA0340000,3/29/2020,10:59,ANTELOPE,SACRAMENTO,CA,95843,FALSE,FALSE,TRUE,TRUE,call_for_service,,1,1,1
URSUS-34-0000-2020-6f5,CA0340000,5/30/2020,20:58,SACRAMENTO,SACRAMENTO,CA,95814,FALSE,FALSE,FALSE,TRUE,civil_disorder,,1,1,1
URSUS-34-0000-2020-7ea,CA0340000,2/24/2020,16:12,ANTELOPE,SACRAMENTO,CA,95843,FALSE,FALSE,FALSE,TRUE,call_for_service,,1,1,1
URSUS-34-0000-2020-aba,CA0340000,2/12/2020,9:45,SACRAMENTO,SACRAMENTO,CA,95814,FALSE,FALSE,FALSE,FALSE,in_custody_event,sentenced,1,1,1
URSUS-34-0000-2020-b43,CA0340000,9/5/2020,20:22,RANCHO CORDOVA,SACRAMENTO,CA,95670,FALSE,FALSE,TRUE,TRUE,call_for_service,,1,2,1
URSUS-34-0000-2020-bb0,CA0340000,7/12/2020,13:06,SACRAMENTO,SACRAMENTO,CA,95824,FALSE,TRUE,TRUE,TRUE,call_for_service,,1,1,1
URSUS-34-0000-2020-c12,CA0340000,9/30/2020,23:04,FAIR OAKS,SACRAMENTO,CA,95628,FALSE,FALSE,TRUE,TRUE,call_for_service,,1,1,1
URSUS-34-0000-2020-eac,CA0340000,10/30/2020,1:50,SACRAMENTO,SACRAMENTO,CA,95836,FALSE,FALSE,TRUE,TRUE,call_for_service,booked_awaiting_trial,1,1,1
URSUS-34-0000-2020-fa8,CA0340000,3/12/2020,20:30,RIO LINDA,SACRAMENTO,CA,95673,FALSE,FALSE,TRUE,TRUE,call_for_service,,1,1,1
URSUS-34-0400-2020-0e3,CA0340400,11/14/2020,20:00,SACRAMENTO,SACRAMENTO,CA,95815,FALSE,FALSE,TRUE,TRUE,call_for_service,,1,1,1
URSUS-34-0400-2020-36c,CA0340400,7/21/2020,17:14,SACRAMENTO,SACRAMENTO,CA,95826,FALSE,FALSE,TRUE,TRUE,pre_planned,,1,1,1
URSUS-34-0400-2020-410,CA0340400,9/1/2020,18:53,SACRAMENTO,SACRAMENTO,CA,95833,FALSE,FALSE,TRUE,TRUE,pre_planned,,1,2,1
URSUS-34-0400-2020-4bd,CA0340400,9/21/2020,2:00,SACRAMENTO,SACRAMENTO,CA,95814,FALSE,FALSE,TRUE,TRUE,call_for_service,,1,1,1
URSUS-34-0400-2020-4fb,CA0340400,8/4/2020,19:22,SACRAMENTO,SACRAMENTO,CA,95838,FALSE,FALSE,FALSE,TRUE,call_for_service,,1,3,1
URSUS-34-0400-2020-63c,CA0340400,10/10/2020,15:23,SACRAMENTO,SACRAMENTO,CA,95838,FALSE,FALSE,TRUE,TRUE,call_for_service,,1,4,1
URSUS-34-0400-2020-7ae,CA0340400,12/13/2020,6:34,SACRAMENTO,SACRAMENTO,CA,95834,FALSE,FALSE,TRUE,TRUE,call_for_service,,1,8,2
URSUS-34-0400-2020-826,CA0340400,4/11/2020,16:38,SACRAMENTO,SACRAMENTO,CA,95823,FALSE,FALSE,TRUE,TRUE,pre_planned,,1,2,1
URSUS-34-0400-2020-990,CA0340400,11/11/2020,14:55,SACRAMENTO,SACRAMENTO,CA,95820,FALSE,FALSE,TRUE,TRUE,consensual,,1,1,1
URSUS-34-0400-2020-d5c,CA0340400,1/10/2020,2:59,SACRAMENTO,SACRAMENTO,CA,95815,FALSE,FALSE,TRUE,TRUE,vehicle_bike_pedestrian,other,1,2,1
URSUS-34-0400-2020-df2,CA0340400,11/4/2020,19:49,SACRAMENTO,SACRAMENTO,CA,95831,FALSE,FALSE,TRUE,TRUE,call_for_service,,1,2,1
URSUS-34-0400-2020-f0f,CA0340400,9/6/2020,15:58,SACRAMENTO,SACRAMENTO,CA,95838,FALSE,FALSE,TRUE,TRUE,call_for_service,,1,2,1
URSUS-34-9600-2020-b8c,CA0349600,10/26/2020,14:27,CITRUS HEIGHTS,SACRAMENTO,CA,95621,FALSE,FALSE,FALSE,TRUE,call_for_service,,1,3,1
URSUS-34-9900-2020-099,CA0349900,9/19/2020,3:10,MADERA,MADERA,CA,93638,FALSE,FALSE,TRUE,TRUE,vehicle_bike_pedestrian,,2,5,1
URSUS-34-9900-2020-113,CA0349900,12/26/2020,6:42,AGOURA HILLS,LOS ANGELES,CA,91301,FALSE,FALSE,TRUE,TRUE,call_for_service,,1,3,2
URSUS-34-9900-2020-129,CA0349900,9/6/2020,2:32,HESPERIA,SAN BERNARDINO,CA,92344,FALSE,FALSE,TRUE,TRUE,vehicle_bike_pedestrian,,1,2,1
URSUS-34-9900-2020-191,CA0349900,10/22/2020,3:54,BARSTOW,SAN BERNARDINO,CA,92311,FALSE,FALSE,FALSE,FALSE,in_progress,,1,4,1
URSUS-34-9900-2020-1e2,CA0349900,6/6/2020,22:47,OAKLAND,ALAMEDA,CA,94603,FALSE,FALSE,FALSE,FALSE,vehicle_bike_pedestrian,,1,3,1
URSUS-34-9900-2020-2a3,CA0349900,3/31/2020,3:40,ALTADENA,LOS ANGELES,CA,91001,FALSE,FALSE,TRUE,FALSE,in_custody_event,other,1,6,1
URSUS-34-9900-2020-2a4,CA0349900,10/15/2020,9:21,LOS ALAMITOS,ORANGE,CA,90720,FALSE,FALSE,FALSE,FALSE,call_for_service,,1,1,1
URSUS-34-9900-2020-2b9,CA0349900,6/19/2020,15:39,MONTEBELLO,LOS ANGELES,CA,90640,FALSE,FALSE,TRUE,TRUE,call_for_service,,1,2,1
URSUS-34-9900-2020-2d3,CA0349900,10/22/2020,11:20,LOS BANOS,MERCED,CA,93635,FALSE,FALSE,TRUE,TRUE,vehicle_bike_pedestrian,,1,1,1
URSUS-34-9900-2020-345,CA0349900,12/1/2020,1:47,OAKLAND,ALAMEDA,CA,94605,FALSE,FALSE,TRUE,TRUE,vehicle_bike_pedestrian,,3,2,1
URSUS-34-9900-2020-371,CA0349900,6/23/2020,21:03,BARSTOW,SAN BERNARDINO,CA,92311,FALSE,FALSE,TRUE,TRUE,vehicle_bike_pedestrian,,2,2,1
URSUS-34-9900-2020-373,CA0349900,12/1/2020,16:35,BAKERSFIELD,KERN,CA,93314,FALSE,FALSE,TRUE,TRUE,in_progress,,1,2,2
URSUS-34-9900-2020-3d7,CA0349900,8/16/2020,10:20,ENCINITAS,SAN DIEGO,CA,92024,FALSE,FALSE,TRUE,TRUE,vehicle_bike_pedestrian,,1,1,1
URSUS-34-9900-2020-422,CA0349900,4/23/2020,17:25,SAN DIEGO,SAN DIEGO,CA,92153,FALSE,FALSE,TRUE,TRUE,call_for_service,,1,7,2
URSUS-34-9900-2020-44c,CA0349900,12/7/2020,2:37,APPLE VALLEY,SAN BERNARDINO,CA,92307,FALSE,FALSE,TRUE,TRUE,vehicle_bike_pedestrian,,1,4,1
URSUS-34-9900-2020-46a,CA0349900,8/23/2020,4:36,PASADENA,LOS ANGELES,CA,91106,FALSE,FALSE,TRUE,TRUE,in_progress,,1,3,2
URSUS-34-9900-2020-4dc,CA0349900,10/3/2020,23:54,SAN DIEGO,SAN DIEGO,CA,92104,FALSE,FALSE,FALSE,FALSE,in_progress,,1,6,2
URSUS-34-9900-2020-5ce,CA0349900,5/7/2020,23:47,LONG BEACH,LOS ANGELES,CA,90810,FALSE,FALSE,FALSE,FALSE,vehicle_bike_pedestrian,,1,7,1
URSUS-34-9900-2020-6b1,CA0349900,5/4/2020,20:22,MONTEREY PARK,LOS ANGELES,CA,91755,FALSE,FALSE,FALSE,FALSE,vehicle_bike_pedestrian,,1,2,1
URSUS-34-9900-2020-6c2,CA0349900,6/14/2020,2:22,SAN LEANDRO,ALAMEDA,CA,94579,FALSE,FALSE,TRUE,TRUE,in_progress,,1,2,1
URSUS-34-9900-2020-783,CA0349900,7/2/2020,2:35,HAYWARD,ALAMEDA,CA,94544,FALSE,FALSE,FALSE,TRUE,welfare_check,,1,1,1
URSUS-34-9900-2020-78f,CA0349900,1/25/2020,2:07,SAN FRANCISCO,SAN FRANCISCO,CA,94107,FALSE,FALSE,TRUE,TRUE,in_progress,,1,2,1
URSUS-34-9900-2020-7b5,CA0349900,11/22/2020,19:52,BEAUMONT,RIVERSIDE,CA,92223,FALSE,FALSE,FALSE,FALSE,in_progress,,1,3,2
URSUS-34-9900-2020-9f3,CA0349900,3/21/2020,19:40,BAKERSFIELD,KERN,CA,93314,FALSE,FALSE,TRUE,TRUE,in_progress,,1,2,1
URSUS-34-9900-2020-a89,CA0349900,7/7/2020,12:42,FRESNO,FRESNO,CA,93721,FALSE,FALSE,FALSE,FALSE,vehicle_bike_pedestrian,,1,2,2
URSUS-34-9900-2020-bff,CA0349900,10/16/2020,10:58,ALBANY,ALAMEDA,CA,94710,FALSE,FALSE,TRUE,TRUE,vehicle_bike_pedestrian,,1,2,1
URSUS-34-9900-2020-c25,CA0349900,7/1/2020,1:13,COLFAX,PLACER,CA,95713,FALSE,FALSE,TRUE,TRUE,call_for_service,,1,2,1
URSUS-34-9900-2020-c74,CA0349900,1/13/2020,22:47,SAN JOSE,SANTA CLARA,CA,95123,FALSE,FALSE,TRUE,TRUE,vehicle_bike_pedestrian,,1,1,1
URSUS-34-9900-2020-c81,CA0349900,8/6/2020,16:23,ONTARIO,SAN BERNARDINO,CA,91761,FALSE,FALSE,FALSE,FALSE,in_progress,,1,1,1
URSUS-34-9900-2020-d27,CA0349900,5/19/2020,22:59,NEWBERRY SPRINGS,SAN BERNARDINO,CA,92365,FALSE,FALSE,TRUE,TRUE,vehicle_bike_pedestrian,,1,3,1
URSUS-34-9900-2020-e55,CA0349900,11/23/2020,11:45,RICHMOND,CONTRA COSTA,CA,94804,FALSE,FALSE,TRUE,TRUE,in_progress,,1,2,1
URSUS-34-9900-2020-e7d,CA0349900,11/25/2020,21:00,LOS ANGELES,LOS ANGELES,CA,90032,FALSE,FALSE,FALSE,FALSE,in_progress,,3,9,1
URSUS-34-9900-2020-e85,CA0349900,9/7/2020,19:12,SYLMAR,LOS ANGELES,CA,91342,FALSE,FALSE,TRUE,TRUE,call_for_service,,1,4,2
URSUS-34-9900-2020-ec9,CA0349900,5/9/2020,23:56,THOUSAND OAKS,VENTURA,CA,91320,FALSE,FALSE,TRUE,TRUE,vehicle_bike_pedestrian,,1,4,1
URSUS-34-9900-2020-f1e,CA0349900,7/13/2020,23:45,SEASIDE,MONTEREY,CA,93955,FALSE,FALSE,TRUE,TRUE,vehicle_bike_pedestrian,,1,2,1
URSUS-34-9900-2020-f8d,CA0349900,1/8/2020,18:04,NIPTON,SAN BERNARDINO,CA,92364,FALSE,FALSE,FALSE,FALSE,vehicle_bike_pedestrian,,1,2,2
URSUS-34-9900-2020-fdf,CA0349900,4/28/2020,7:10,CAMPBELL,SANTA CLARA,CA,95008,FALSE,FALSE,TRUE,TRUE,vehicle_bike_pedestrian,,1,2,1
URSUS-35-0100-2020-2f1,CA0350100,12/8/2020,7:15,HOLLISTER,SAN BENITO,CA,95023,FALSE,FALSE,TRUE,TRUE,call_for_service,,1,2,1
URSUS-36-0000-2020-12c,CA0360000,11/15/2020,23:54,APPLE VALLEY,SAN BERNARDINO,CA,92308,FALSE,FALSE,TRUE,TRUE,call_for_service,,1,1,1
URSUS-36-0000-2020-192,CA0360000,1/20/2020,1:05,RANCHO CUCAMONGA,SAN BERNARDINO,CA,91739,FALSE,FALSE,TRUE,TRUE,in_custody_event,other,1,3,1
URSUS-36-0000-2020-227,CA0360000,6/19/2020,8:20,RANCHO CUCAMONGA,SAN BERNARDINO,CA,91739,FALSE,FALSE,TRUE,TRUE,in_custody_event,booked_awaiting_trial,1,2,1
URSUS-36-0000-2020-235,CA0360000,8/17/2020,0:59,BARSTOW,SAN BERNARDINO,CA,92311,FALSE,FALSE,FALSE,TRUE,vehicle_bike_pedestrian,,1,1,1
URSUS-36-0000-2020-2e9,CA0360000,6/12/2020,12:17,YUCCA VALLEY,SAN BERNARDINO,CA,92284,FALSE,FALSE,FALSE,TRUE,call_for_service,,1,3,1
URSUS-36-0000-2020-3c6,CA0360000,8/10/2020,21:09,NEWBERRY SPRINGS,SAN BERNARDINO,CA,92365,FALSE,FALSE,TRUE,TRUE,call_for_service,,1,3,1
URSUS-36-0000-2020-40f,CA0360000,3/10/2020,9:14,APPLE VALLEY,SAN BERNARDINO,CA,92308,FALSE,FALSE,TRUE,TRUE,call_for_service,,1,1,1
URSUS-36-0000-2020-772,CA0360000,8/16/2020,20:30,LUCERNE VALLEY,SAN BERNARDINO,CA,92356,FALSE,FALSE,TRUE,TRUE,call_for_service,,1,2,1
URSUS-36-0000-2020-847,CA0360000,9/20/2020,22:24,LUCERNE VALLEY,SAN BERNARDINO,CA,92356,FALSE,FALSE,FALSE,TRUE,call_for_service,,1,1,1
URSUS-36-0000-2020-88a,CA0360000,4/14/2020,8:21,RANCHO CUCAMONGA,SAN BERNARDINO,CA,91739,FALSE,FALSE,FALSE,TRUE,in_custody_event,booked_awaiting_trial,1,3,1
URSUS-36-0000-2020-956,CA0360000,6/24/2020,10:00,VICTORVILLE,SAN BERNARDINO,CA,92393,FALSE,FALSE,FALSE,TRUE,call_for_service,,1,3,1
URSUS-36-0000-2020-976,CA0360000,12/16/2020,12:44,BARSTOW,SAN BERNARDINO,CA,92311,FALSE,FALSE,TRUE,TRUE,call_for_service,,1,3,1
URSUS-36-0000-2020-9ab,CA0360000,8/6/2020,16:05,LUCERNE VALLEY,SAN BERNARDINO,CA,92356,FALSE,FALSE,TRUE,TRUE,call_for_service,,1,1,1
URSUS-36-0000-2020-9c0,CA0360000,9/4/2020,9:26,LUCERNE VALLEY,SAN BERNARDINO,CA,92356,FALSE,FALSE,FALSE,TRUE,call_for_service,,1,5,1
URSUS-36-0000-2020-a4d,CA0360000,12/18/2020,5:23,LUCERNE VALLEY,SAN BERNARDINO,CA,92356,FALSE,FALSE,FALSE,TRUE,call_for_service,,1,1,1
URSUS-36-0000-2020-b31,CA0360000,12/28/2020,13:00,HESPERIA,SAN BERNARDINO,CA,92345,FALSE,FALSE,FALSE,TRUE,pre_planned,,1,2,1
URSUS-36-0000-2020-b55,CA0360000,8/4/2020,10:42,MUSCOY,SAN BERNARDINO,CA,92407,FALSE,FALSE,TRUE,TRUE,call_for_service,,1,1,1
URSUS-36-0000-2020-b9b,CA0360000,12/22/2020,14:37,TWENTYNINE PALMS,SAN BERNARDINO,CA,92277,FALSE,FALSE,TRUE,TRUE,call_for_service,,1,2,1
URSUS-36-0000-2020-bb1,CA0360000,8/5/2020,14:14,YUCCA VALLEY,SAN BERNARDINO,CA,92284,FALSE,FALSE,FALSE,TRUE,call_for_service,,1,5,1
URSUS-36-0000-2020-c23,CA0360000,5/16/2020,22:30,VICTORVILLE,SAN BERNARDINO,CA,92392,FALSE,FALSE,FALSE,TRUE,call_for_service,,1,1,1
URSUS-36-0000-2020-d42,CA0360000,1/9/2020,21:35,MUSCOY,SAN BERNARDINO,CA,92407,FALSE,FALSE,FALSE,TRUE,call_for_service,,1,2,1
URSUS-36-0000-2020-c85,CA0360000,8/12/2020,13:30,CRESTLINE,SAN BERNARDINO,CA,92325,FALSE,FALSE,TRUE,TRUE,call_for_service,,1,2,1
URSUS-36-0000-2020-c95,CA0360000,5/10/2020,15:48,JOSHUA TREE,SAN BERNARDINO,CA,92252,FALSE,FALSE,FALSE,TRUE,call_for_service,,1,2,1
URSUS-36-0000-2020-d10,CA0360000,7/20/2020,20:11,RANCHO CUCAMONGA,SAN BERNARDINO,CA,91739,FALSE,FALSE,TRUE,TRUE,in_custody_event,awaiting_booking,1,1,1
URSUS-36-0000-2020-d98,CA0360000,2/11/2020,0:18,LOMA LINDA,SAN BERNARDINO,CA,92354,FALSE,FALSE,TRUE,TRUE,call_for_service,,1,3,1
URSUS-36-0000-2020-e04,CA0360000,10/23/2020,16:39,TWENTYNINE PALMS,SAN BERNARDINO,CA,92277,FALSE,FALSE,TRUE,TRUE,vehicle_bike_pedestrian,,1,1,1
URSUS-36-0000-2020-efe,CA0360000,8/20/2020,0:35,RANCHO CUCAMONGA,SAN BERNARDINO,CA,91730,FALSE,FALSE,TRUE,TRUE,call_for_service,,1,1,1
URSUS-36-0000-2020-f53,CA0360000,8/25/2020,11:59,RANCHO CUCAMONGA,SAN BERNARDINO,CA,91730,FALSE,FALSE,FALSE,TRUE,call_for_service,,1,2,1
URSUS-36-0000-2020-f7d,CA0360000,3/26/2020,19:42,RANCHO CUCAMONGA,SAN BERNARDINO,CA,91739,FALSE,FALSE,TRUE,TRUE,in_custody_event,awaiting_booking,1,2,1
URSUS-36-0000-2020-f99,CA0360000,9/28/2020,23:18,VICTORVILLE,SAN BERNARDINO,CA,92392,FALSE,FALSE,FALSE,TRUE,vehicle_bike_pedestrian,,1,1,1
URSUS-36-0000-2020-fc1,CA0360000,7/18/2020,15:43,POMONA,SAN BERNARDINO,CA,91766,FALSE,FALSE,TRUE,TRUE,call_for_service,,1,2,1
URSUS-36-013G-2020-3a3,CA036013G,10/30/2020,17:23,APPLE VALLEY,SAN BERNARDINO,CA,92307,FALSE,FALSE,TRUE,TRUE,in_custody_event,awaiting_booking,1,2,1
URSUS-36-0200-2020-03f,CA0360200,7/30/2020,3:43,CHINO,SAN BERNARDINO,CA,91710,FALSE,FALSE,FALSE,TRUE,call_for_service,,1,1,1
URSUS-36-0200-2020-368,CA0360200,3/4/2020,5:21,CHINO,SAN BERNARDINO,CA,91710,FALSE,FALSE,TRUE,TRUE,call_for_service,,1,3,1
URSUS-36-0200-2020-433,CA0360200,4/1/2020,11:06,JURUPA VALLEY,RIVERSIDE,CA,91752,FALSE,FALSE,TRUE,TRUE,pre_planned,,1,1,1
URSUS-36-0400-2020-106,CA0360400,5/18/2020,18:12,FONTANA,SAN BERNARDINO,CA,92337,FALSE,FALSE,TRUE,TRUE,call_for_service,,1,1,1
URSUS-36-0400-2020-72a,CA0360400,5/28/2020,10:17,FONTANA,SAN BERNARDINO,CA,92336,FALSE,FALSE,FALSE,TRUE,call_for_service,,1,1,1
URSUS-36-0400-2020-ad9,CA0360400,4/22/2020,15:04,FONTANA,SAN BERNARDINO,CA,92335,FALSE,FALSE,TRUE,TRUE,call_for_service,,1,1,1
URSUS-36-0400-2020-e71,CA0360400,10/23/2020,23:21,SAN BERNARDINO,SAN BERNARDINO,CA,92408,FALSE,FALSE,FALSE,TRUE,vehicle_bike_pedestrian,,1,3,1
URSUS-36-0500-2020-0ae,CA0360500,7/12/2020,0:21,MONTCLAIR,SAN BERNARDINO,CA,91763,FALSE,FALSE,TRUE,TRUE,in_progress,,1,1,1
URSUS-36-0500-2020-377,CA0360500,9/27/2020,3:45,MONTCLAIR,SAN BERNARDINO,CA,91763,FALSE,FALSE,TRUE,TRUE,in_progress,,2,2,1
URSUS-36-0700-2020-ee6,CA0360700,11/13/2020,23:32,ONTARIO,SAN BERNARDINO,CA,91764,FALSE,FALSE,TRUE,TRUE,vehicle_bike_pedestrian,,1,1,1
URSUS-36-0800-2020-f39,CA0360800,9/18/2020,18:58,REDLANDS,SAN BERNARDINO,CA,92374,FALSE,FALSE,FALSE,TRUE,in_progress,,1,1,1
URSUS-36-0900-2020-198,CA0360900,3/2/2020,18:12,RIALTO,SAN BERNARDINO,CA,92376,FALSE,FALSE,TRUE,TRUE,in_progress,,1,1,1
URSUS-36-0900-2020-5bc,CA0360900,2/14/2020,23:29,RIALTO,SAN BERNARDINO,CA,92376,FALSE,FALSE,FALSE,TRUE,call_for_service,,1,1,1
URSUS-36-0900-2020-8f7,CA0360900,11/6/2020,7:11,RIALTO,SAN BERNARDINO,CA,92376,FALSE,FALSE,FALSE,TRUE,in_progress,,1,3,1
URSUS-36-1000-2020-084,CA0361000,4/7/2020,3:17,SAN BERNARDINO,SAN BERNARDINO,CA,92401,FALSE,FALSE,TRUE,TRUE,vehicle_bike_pedestrian,,1,1,1
URSUS-36-1000-2020-122,CA0361000,2/5/2020,1:29,SAN BERNARDINO,SAN BERNARDINO,CA,92408,FALSE,FALSE,TRUE,TRUE,call_for_service,,1,3,1
URSUS-36-1000-2020-18b,CA0361000,11/27/2020,23:00,SAN BERNARDINO,SAN BERNARDINO,CA,92407,FALSE,FALSE,TRUE,TRUE,call_for_service,,1,2,1
URSUS-36-1000-2020-21f,CA0361000,5/9/2020,21:11,SAN BERNARDINO,SAN BERNARDINO,CA,92405,FALSE,FALSE,TRUE,TRUE,call_for_service,,1,4,1
URSUS-36-1000-2020-319,CA0361000,12/29/2020,15:37,SAN BERNARDINO,SAN BERNARDINO,CA,92410,FALSE,FALSE,TRUE,TRUE,in_progress,,1,4,1
URSUS-36-1000-2020-422,CA0361000,1/8/2020,4:06,SAN BERNARDINO,SAN BERNARDINO,CA,92408,FALSE,FALSE,TRUE,TRUE,call_for_service,,1,2,1
URSUS-36-1000-2020-441,CA0361000,2/25/2020,0:07,SAN BERNARDINO,SAN BERNARDINO,CA,92410,FALSE,FALSE,FALSE,TRUE,call_for_service,,1,3,1
URSUS-36-1000-2020-488,CA0361000,8/28/2020,18:04,SAN BERNARDINO,SAN BERNARDINO,CA,92405,FALSE,FALSE,FALSE,TRUE,call_for_service,,1,2,1
URSUS-36-1000-2020-592,CA0361000,5/2/2020,22:29,SAN BERNARDINO,SAN BERNARDINO,CA,92404,FALSE,FALSE,TRUE,TRUE,call_for_service,,1,2,1
URSUS-36-1000-2020-794,CA0361000,6/11/2020,7:00,SAN BERNARDINO,SAN BERNARDINO,CA,92410,FALSE,FALSE,TRUE,TRUE,pre_planned,,1,2,1
URSUS-36-1000-2020-820,CA0361000,5/8/2020,0:58,SAN BERNARDINO,SAN BERNARDINO,CA,92408,FALSE,FALSE,TRUE,TRUE,call_for_service,,1,2,1
URSUS-36-1000-2020-823,CA0361000,8/15/2020,23:30,SAN BERNARDINO,SAN BERNARDINO,CA,92404,FALSE,FALSE,TRUE,TRUE,call_for_service,,1,2,1
URSUS-36-1000-2020-937,CA0361000,8/17/2020,13:55,SAN BERNARDINO,SAN BERNARDINO,CA,92410,FALSE,FALSE,FALSE,TRUE,consensual,,1,4,1
URSUS-36-1000-2020-965,CA0361000,2/22/2020,22:54,HIGHLAND,SAN BERNARDINO,CA,92346,FALSE,FALSE,TRUE,TRUE,call_for_service,,1,2,1
URSUS-36-1000-2020-975,CA0361000,3/7/2020,21:00,SAN BERNARDINO,SAN BERNARDINO,CA,92410,FALSE,FALSE,TRUE,TRUE,consensual,,1,2,1
URSUS-36-1000-2020-9dd,CA0361000,3/27/2020,0:13,SAN BERNARDINO,SAN BERNARDINO,CA,92405,FALSE,FALSE,TRUE,TRUE,call_for_service,,1,4,1
URSUS-36-1000-2020-a03,CA0361000,10/17/2020,0:29,SAN BERNARDINO,SAN BERNARDINO,CA,92405,FALSE,FALSE,TRUE,TRUE,consensual,,1,1,1
URSUS-36-1000-2020-b4b,CA0361000,6/1/2020,1:25,SAN BERNARDINO,SAN BERNARDINO,CA,92404,FALSE,FALSE,TRUE,TRUE,civil_disorder,,1,1,1
URSUS-36-1000-2020-baa,CA0361000,9/24/2020,13:53,SAN BERNARDINO,SAN BERNARDINO,CA,92410,FALSE,FALSE,TRUE,TRUE,consensual,,1,2,1
URSUS-36-1000-2020-bc2,CA0361000,6/11/2020,7:00,SAN BERNARDINO,SAN BERNARDINO,CA,92407,FALSE,FALSE,TRUE,TRUE,pre_planned,,1,1,1
URSUS-36-1000-2020-bd9,CA0361000,4/22/2020,9:43,MUSCOY,SAN BERNARDINO,CA,92407,FALSE,FALSE,TRUE,TRUE,call_for_service,,1,1,1
URSUS-36-1000-2020-bf1,CA0361000,4/6/2020,16:43,SAN BERNARDINO,SAN BERNARDINO,CA,92405,FALSE,FALSE,TRUE,TRUE,call_for_service,,1,1,1
URSUS-36-1000-2020-c23,CA0361000,8/18/2020,15:32,HIGHLAND,SAN BERNARDINO,CA,92346,FALSE,FALSE,FALSE,TRUE,consensual,,1,1,1
URSUS-36-1000-2020-c6d,CA0361000,12/25/2020,22:20,SAN BERNARDINO,SAN BERNARDINO,CA,92401,FALSE,FALSE,TRUE,TRUE,consensual,,1,1,1
URSUS-36-1000-2020-cb4,CA0361000,9/14/2020,5:45,SAN BERNARDINO,SAN BERNARDINO,CA,92410,FALSE,FALSE,TRUE,TRUE,call_for_service,,1,4,1
URSUS-36-1000-2020-cfe,CA0361000,11/7/2020,22:25,SAN BERNARDINO,SAN BERNARDINO,CA,92404,FALSE,FALSE,TRUE,TRUE,consensual,,1,1,1
URSUS-36-1000-2020-f09,CA0361000,6/1/2020,22:49,SAN BERNARDINO,SAN BERNARDINO,CA,92405,FALSE,FALSE,TRUE,TRUE,consensual,,1,2,1
URSUS-36-1000-2020-f40,CA0361000,10/23/2020,23:14,SAN BERNARDINO,SAN BERNARDINO,CA,92410,FALSE,FALSE,TRUE,TRUE,call_for_service,,1,1,1
URSUS-36-1000-2020-f96,CA0361000,6/13/2020,20:26,SAN BERNARDINO,SAN BERNARDINO,CA,92404,FALSE,FALSE,TRUE,TRUE,call_for_service,,1,2,1
URSUS-36-1100-2020-4f6,CA0361100,7/5/2020,22:18,UPLAND,SAN BERNARDINO,CA,91786,FALSE,FALSE,TRUE,TRUE,call_for_service,,1,2,1
URSUS-36-1100-2020-89a,CA0361100,6/23/2020,11:11,UPLAND,SAN BERNARDINO,CA,91786,FALSE,FALSE,TRUE,TRUE,vehicle_bike_pedestrian,,1,2,1
URSUS-37-0000-2020-050,CA0370000,7/14/2020,22:35,SAN DIEGO,SAN DIEGO,CA,92101,FALSE,FALSE,FALSE,TRUE,in_progress,,1,2,1
URSUS-37-0000-2020-059,CA0370000,5/3/2020,12:17,SAN DIEGO,SAN DIEGO,CA,92101,FALSE,FALSE,FALSE,TRUE,in_custody_event,out_of_court,1,3,1
URSUS-37-0000-2020-0ee,CA0370000,1/6/2020,2:34,LEMON GROVE,SAN DIEGO,CA,91945,FALSE,FALSE,TRUE,TRUE,call_for_service,,1,2,1
URSUS-37-0000-2020-147,CA0370000,6/18/2020,12:59,SANTEE,SAN DIEGO,CA,92071,FALSE,FALSE,FALSE,TRUE,in_custody_event,other,1,6,1
URSUS-37-0000-2020-208,CA0370000,4/22/2020,18:04,VALLEY CENTER,SAN DIEGO,CA,92082,FALSE,FALSE,TRUE,TRUE,call_for_service,,1,2,1
URSUS-37-0000-2020-229,CA0370000,5/29/2020,22:15,SANTEE,SAN DIEGO,CA,92071,FALSE,FALSE,FALSE,TRUE,in_custody_event,booked_awaiting_trial,1,1,1
URSUS-37-0000-2020-2b1,CA0370000,10/24/2020,19:34,ENCINITAS,SAN DIEGO,CA,92024,FALSE,FALSE,TRUE,TRUE,in_progress,,1,1,1
URSUS-37-0000-2020-386,CA0370000,2/18/2020,21:12,VISTA,SAN DIEGO,CA,92084,FALSE,FALSE,TRUE,TRUE,call_for_service,,1,2,1
URSUS-37-0000-2020-49a,CA0370000,11/24/2020,9:00,SAN DIEGO,SAN DIEGO,CA,92101,FALSE,FALSE,FALSE,TRUE,in_custody_event,other,1,5,1
URSUS-37-0000-2020-5ac,CA0370000,2/16/2020,22:03,SAN DIEGO,SAN DIEGO,CA,92101,FALSE,FALSE,TRUE,TRUE,in_custody_event,booked_awaiting_trial,1,3,1
URSUS-37-0000-2020-5c4,CA0370000,3/7/2020,20:46,LAKESIDE,SAN DIEGO,CA,92040,FALSE,FALSE,TRUE,TRUE,call_for_service,,1,1,1
URSUS-37-0000-2020-619,CA0370000,10/6/2020,8:54,LAKESIDE,SAN DIEGO,CA,92040,FALSE,FALSE,TRUE,TRUE,in_custody_event,booked_awaiting_trial,1,6,1
URSUS-37-0000-2020-630,CA0370000,4/19/2020,21:00,EL CAJON,SAN DIEGO,CA,92019,FALSE,FALSE,TRUE,TRUE,call_for_service,,1,3,1
URSUS-37-0000-2020-6a2,CA0370000,5/5/2020,13:50,SAN MARCOS,SAN DIEGO,CA,92078,FALSE,FALSE,TRUE,TRUE,in_progress,,1,4,1
URSUS-37-0000-2020-74e,CA0370000,6/9/2020,22:30,SAN MARCOS,SAN DIEGO,CA,92078,FALSE,FALSE,TRUE,TRUE,consensual,,1,2,1
URSUS-37-0000-2020-763,CA0370000,3/16/2020,10:17,FALLBROOK,SAN DIEGO,CA,92028,FALSE,FALSE,TRUE,TRUE,call_for_service,,1,3,1
URSUS-37-0000-2020-7bb,CA0370000,2/10/2020,16:49,SAN DIEGO,SAN DIEGO,CA,92158,FALSE,FALSE,FALSE,TRUE,in_custody_event,other,1,1,1
URSUS-37-0000-2020-7e9,CA0370000,4/21/2020,23:03,EL CAJON,SAN DIEGO,CA,92021,FALSE,FALSE,TRUE,TRUE,call_for_service,,1,2,1
URSUS-37-0000-2020-8f2,CA0370000,6/14/2020,20:27,LAKESIDE,SAN DIEGO,CA,92040,FALSE,FALSE,TRUE,TRUE,call_for_service,,1,1,1
URSUS-37-0000-2020-949,CA0370000,2/21/2020,19:19,VISTA,SAN DIEGO,CA,92084,FALSE,FALSE,TRUE,TRUE,call_for_service,,1,6,1
URSUS-37-0000-2020-aa0,CA0370000,11/16/2020,7:37,ALPINE,SAN DIEGO,CA,91901,FALSE,FALSE,TRUE,TRUE,call_for_service,,1,4,1
URSUS-37-0000-2020-bfd,CA0370000,4/25/2020,2:46,LAKESIDE,SAN DIEGO,CA,92040,FALSE,FALSE,TRUE,TRUE,vehicle_bike_pedestrian,,1,2,1
URSUS-37-0000-2020-c42,CA0370000,8/22/2020,14:51,LA MESA,SAN DIEGO,CA,91942,FALSE,FALSE,TRUE,TRUE,in_progress,,1,7,2
URSUS-37-0000-2020-c5c,CA0370000,12/1/2020,16:24,ALPINE,SAN DIEGO,CA,91901,FALSE,FALSE,TRUE,TRUE,call_for_service,,1,3,1
URSUS-37-0000-2020-d8a,CA0370000,8/6/2020,23:27,VISTA,SAN DIEGO,CA,92081,FALSE,FALSE,FALSE,TRUE,in_custody_event,awaiting_booking,1,4,1
URSUS-37-0000-2020-da4,CA0370000,8/28/2020,22:07,VISTA,SAN DIEGO,CA,92084,FALSE,FALSE,TRUE,TRUE,vehicle_bike_pedestrian,,1,5,1
URSUS-37-0000-2020-eb7,CA0370000,1/6/2020,18:18,LEMON GROVE,SAN DIEGO,CA,91945,FALSE,FALSE,TRUE,TRUE,call_for_service,,1,3,1
URSUS-37-0000-2020-fe7,CA0370000,2/27/2020,4:20,VISTA,SAN DIEGO,CA,92083,FALSE,FALSE,TRUE,TRUE,call_for_service,,1,4,1
URSUS-37-0200-2020-935,CA0370200,7/20/2020,17:00,CHULA VISTA,SAN DIEGO,CA,91913,FALSE,FALSE,FALSE,TRUE,pre_planned,,1,3,1
URSUS-37-0300-2020-1fc,CA0370300,10/10/2020,23:36,CORONADO,SAN DIEGO,CA,92118,FALSE,FALSE,TRUE,TRUE,call_for_service,,1,2,1
URSUS-37-0300-2020-83c,CA0370300,6/17/2020,11:19,CORONADO,SAN DIEGO,CA,92118,FALSE,FALSE,TRUE,TRUE,call_for_service,,1,7,1
URSUS-37-0500-2020-375,CA0370500,2/12/2020,8:42,EL CAJON,SAN DIEGO,CA,92020,FALSE,FALSE,TRUE,TRUE,in_progress,,1,1,1
URSUS-37-0600-2020-0b4,CA0370600,6/19/2020,3:45,ESCONDIDO,SAN DIEGO,CA,92025,FALSE,FALSE,TRUE,TRUE,call_for_service,,1,1,1
URSUS-37-0800-2020-54b,CA0370800,5/30/2020,20:14,LA MESA,SAN DIEGO,CA,91942,FALSE,FALSE,FALSE,TRUE,civil_disorder,,1,1,1
URSUS-37-1000-2020-174,CA0371000,7/14/2020,16:00,OCEANSIDE,SAN DIEGO,CA,92057,FALSE,FALSE,TRUE,TRUE,call_for_service,,1,3,1
URSUS-37-1000-2020-56a,CA0371000,8/8/2020,9:45,OCEANSIDE,SAN DIEGO,CA,92054,FALSE,FALSE,TRUE,TRUE,call_for_service,,1,1,1
URSUS-37-1000-2020-9cc,CA0371000,7/21/2020,9:50,OCEANSIDE,SAN DIEGO,CA,92058,FALSE,FALSE,TRUE,TRUE,call_for_service,,1,2,1
URSUS-37-1000-2020-a08,CA0371000,4/8/2020,3:43,OCEANSIDE,SAN DIEGO,CA,92056,FALSE,FALSE,TRUE,TRUE,call_for_service,,1,3,1
URSUS-37-1100-2020-11c,CA0371100,5/29/2020,17:48,SAN DIEGO,SAN DIEGO,CA,92105,FALSE,FALSE,FALSE,TRUE,call_for_service,,1,3,1
URSUS-37-1100-2020-251,CA0371100,5/17/2020,21:09,SAN DIEGO,SAN DIEGO,CA,92101,FALSE,FALSE,TRUE,FALSE,consensual,,1,1,1
URSUS-37-1100-2020-2fd,CA0371100,10/14/2020,19:24,SAN DIEGO,SAN DIEGO,CA,92129,FALSE,FALSE,TRUE,TRUE,call_for_service,,1,1,1
URSUS-37-1100-2020-3d2,CA0371100,10/25/2020,0:19,SAN DIEGO,SAN DIEGO,CA,92101,FALSE,FALSE,TRUE,TRUE,call_for_service,,1,2,1
URSUS-37-1100-2020-405,CA0371100,5/23/2020,21:56,SAN DIEGO,SAN DIEGO,CA,92102,FALSE,FALSE,TRUE,TRUE,call_for_service,,1,1,1
URSUS-37-1100-2020-5bd,CA0371100,1/24/2020,15:42,SAN DIEGO,SAN DIEGO,CA,92105,FALSE,FALSE,FALSE,TRUE,vehicle_bike_pedestrian,,1,1,1
URSUS-37-1100-2020-5e2,CA0371100,1/13/2020,18:08,SAN DIEGO,SAN DIEGO,CA,92101,FALSE,FALSE,FALSE,TRUE,call_for_service,,1,1,1
URSUS-37-1100-2020-63e,CA0371100,10/19/2020,4:48,SAN DIEGO,SAN DIEGO,CA,92113,FALSE,FALSE,TRUE,TRUE,call_for_service,,1,1,1
URSUS-37-1100-2020-845,CA0371100,4/10/2020,7:03,SAN DIEGO,SAN DIEGO,CA,92101,FALSE,FALSE,TRUE,TRUE,call_for_service,,1,1,1
URSUS-37-1100-2020-ae9,CA0371100,6/27/2020,15:47,SAN DIEGO,SAN DIEGO,CA,92101,FALSE,FALSE,TRUE,TRUE,vehicle_bike_pedestrian,,1,2,1
URSUS-37-1100-2020-b8f,CA0371100,2/28/2020,22:15,SAN DIEGO,SAN DIEGO,CA,92101,FALSE,FALSE,TRUE,FALSE,call_for_service,,1,1,1
URSUS-37-1100-2020-db6,CA0371100,2/27/2020,5:55,SAN DIEGO,SAN DIEGO,CA,92173,FALSE,FALSE,FALSE,TRUE,pre_planned,,1,2,1
URSUS-37-1100-2020-dc7,CA0371100,3/12/2020,9:38,SAN DIEGO,SAN DIEGO,CA,92103,FALSE,FALSE,TRUE,TRUE,call_for_service,,1,1,1
URSUS-37-1100-2020-e5c,CA0371100,7/9/2020,15:51,SAN DIEGO,SAN DIEGO,CA,92115,FALSE,FALSE,FALSE,TRUE,call_for_service,,1,7,1
URSUS-37-1100-2020-ee4,CA0371100,7/5/2020,20:04,SAN DIEGO,SAN DIEGO,CA,92101,FALSE,FALSE,TRUE,TRUE,call_for_service,,1,3,1
URSUS-38-0000-2020-3bc,CA0380000,4/30/2020,9:24,SAN FRANCISCO,SAN FRANCISCO,CA,94103,FALSE,FALSE,TRUE,TRUE,call_for_service,,1,1,1
URSUS-38-0100-2020-120,CA0380100,10/5/2020,3:43,SAN FRANCISCO,SAN FRANCISCO,CA,94108,FALSE,FALSE,TRUE,TRUE,call_for_service,,1,4,1
URSUS-38-0100-2020-133,CA0380100,1/21/2020,5:40,SAN FRANCISCO,SAN FRANCISCO,CA,94134,FALSE,FALSE,FALSE,TRUE,call_for_service,,1,3,1
URSUS-38-0100-2020-412,CA0380100,8/22/2020,21:37,SAN FRANCISCO,SAN FRANCISCO,CA,94124,FALSE,FALSE,TRUE,TRUE,call_for_service,,1,1,1
URSUS-38-0100-2020-43e,CA0380100,10/25/2020,14:33,SAN FRANCISCO,SAN FRANCISCO,CA,94124,FALSE,FALSE,TRUE,TRUE,in_progress,,1,2,1
URSUS-38-0100-2020-484,CA0380100,4/21/2020,6:37,SAN FRANCISCO,SAN FRANCISCO,CA,94102,FALSE,FALSE,TRUE,TRUE,call_for_service,,1,1,1
URSUS-38-0100-2020-56b,CA0380100,11/17/2020,17:09,SAN FRANCISCO,SAN FRANCISCO,CA,94102,FALSE,FALSE,TRUE,TRUE,call_for_service,,1,11,2
URSUS-38-0100-2020-6e4,CA0380100,10/10/2020,23:34,SAN FRANCISCO,SAN FRANCISCO,CA,94103,FALSE,FALSE,FALSE,TRUE,call_for_service,,1,3,1
URSUS-38-0100-2020-767,CA0380100,9/7/2020,10:52,SAN FRANCISCO,SAN FRANCISCO,CA,94110,FALSE,FALSE,TRUE,TRUE,call_for_service,,1,4,1
URSUS-38-0100-2020-8aa,CA0380100,10/8/2020,21:39,SAN FRANCISCO,SAN FRANCISCO,CA,94102,FALSE,FALSE,TRUE,TRUE,call_for_service,,1,1,1
URSUS-38-0100-2020-8b5,CA0380100,11/19/2020,3:22,SAN FRANCISCO,SAN FRANCISCO,CA,94117,FALSE,FALSE,FALSE,TRUE,in_progress,,1,1,1
URSUS-38-0100-2020-b24,CA0380100,11/19/2020,3:15,SAN FRANCISCO,SAN FRANCISCO,CA,94114,FALSE,FALSE,FALSE,TRUE,in_progress,,1,1,1
URSUS-39-0000-2020-625,CA0390000,8/8/2020,10:15,LODI,SAN JOAQUIN,CA,95242,FALSE,FALSE,TRUE,TRUE,pre_planned,,1,1,1
URSUS-39-0000-2020-6e1,CA0390000,5/30/2020,3:27,STOCKTON,SAN JOAQUIN,CA,95219,FALSE,FALSE,TRUE,TRUE,call_for_service,,1,1,1
URSUS-39-0000-2020-7e8,CA0390000,3/14/2020,14:00,LODI,SAN JOAQUIN,CA,95240,FALSE,FALSE,FALSE,TRUE,vehicle_bike_pedestrian,,1,3,1
URSUS-39-0000-2020-c61,CA0390000,6/19/2020,14:30,STOCKTON,SAN JOAQUIN,CA,95212,FALSE,FALSE,TRUE,TRUE,call_for_service,,1,2,1
URSUS-39-0000-2020-d75,CA0390000,7/24/2020,23:50,STOCKTON,SAN JOAQUIN,CA,95215,FALSE,FALSE,TRUE,TRUE,call_for_service,,1,3,1
URSUS-39-0100-2020-109,CA0390100,11/19/2020,17:06,ESCALON,SAN JOAQUIN,CA,95320,FALSE,FALSE,TRUE,TRUE,call_for_service,,1,1,1
URSUS-39-013G-2020-153,CA039013G,6/24/2020,6:53,FRENCH CAMP,SAN JOAQUIN,CA,95231,FALSE,FALSE,FALSE,TRUE,in_custody_event,booked_awaiting_trial,1,3,1
URSUS-39-0500-2020-0b0,CA0390500,7/16/2020,12:08,STOCKTON,SAN JOAQUIN,CA,95219,FALSE,FALSE,FALSE,TRUE,pre_planned,,1,3,1
URSUS-39-0500-2020-160,CA0390500,4/9/2020,19:00,STOCKTON,SAN JOAQUIN,CA,95210,FALSE,FALSE,TRUE,TRUE,vehicle_bike_pedestrian,,1,4,1
URSUS-39-0500-2020-3d0,CA0390500,2/19/2020,11:14,STOCKTON,SAN JOAQUIN,CA,95202,FALSE,FALSE,TRUE,TRUE,call_for_service,,1,7,1
URSUS-39-0500-2020-54e,CA0390500,10/8/2020,7:10,STOCKTON,SAN JOAQUIN,CA,95219,FALSE,FALSE,FALSE,TRUE,call_for_service,,1,2,1
URSUS-39-0500-2020-56d,CA0390500,3/31/2020,21:55,STOCKTON,SAN JOAQUIN,CA,95219,FALSE,FALSE,TRUE,TRUE,call_for_service,,1,3,1
URSUS-39-0600-2020-748,CA0390600,11/2/2020,18:02,TRACY,SAN JOAQUIN,CA,95376,FALSE,FALSE,TRUE,TRUE,call_for_service,,1,1,1
URSUS-39-0600-2020-951,CA0390600,5/29/2020,1:59,TRACY,SAN JOAQUIN,CA,95376,TRUE,FALSE,FALSE,TRUE,call_for_service,,1,2,1
URSUS-39-0600-2020-9f1,CA0390600,2/15/2020,21:11,TRACY,SAN JOAQUIN,CA,95376,FALSE,FALSE,TRUE,TRUE,in_progress,,1,1,1
URSUS-40-0000-2020-241,CA0400000,8/21/2020,11:30,NIPOMO,SAN LUIS OBISPO,CA,93444,FALSE,FALSE,FALSE,TRUE,call_for_service,,1,3,2
URSUS-40-0000-2020-8a6,CA0400000,9/24/2020,10:21,PASO ROBLES,SAN LUIS OBISPO,CA,93446,FALSE,FALSE,FALSE,TRUE,in_progress,,1,4,1
URSUS-40-0000-2020-ea7,CA0400000,6/10/2020,4:25,PASO ROBLES,SAN LUIS OBISPO,CA,93446,TRUE,FALSE,FALSE,TRUE,ambush,,1,20,9
URSUS-41-0000-2020-0ab,CA0410000,5/5/2020,19:51,HALF MOON BAY,SAN MATEO,CA,94019,FALSE,FALSE,TRUE,TRUE,call_for_service,,1,2,1
URSUS-41-1700-2020-989,CA0411700,4/12/2020,5:36,SOUTH SAN FRANCISCO,SAN MATEO,CA,94080,TRUE,FALSE,FALSE,TRUE,in_progress,,1,4,2
URSUS-41-2000-2020-c19,CA0412000,1/22/2020,17:44,FOSTER CITY,SAN MATEO,CA,94404,FALSE,FALSE,TRUE,TRUE,pre_planned,,1,2,1
URSUS-42-0100-2020-c05,CA0420100,10/9/2020,6:30,GUADALUPE,SANTA BARBARA,CA,93434,FALSE,FALSE,TRUE,TRUE,call_for_service,,1,5,1
URSUS-42-0300-2020-ebf,CA0420300,1/29/2020,13:22,SANTA BARBARA,SANTA BARBARA,CA,93103,FALSE,FALSE,TRUE,TRUE,vehicle_bike_pedestrian,,1,2,1
URSUS-42-0400-2020-6d7,CA0420400,6/21/2020,12:56,SANTA MARIA,SANTA BARBARA,CA,93458,FALSE,FALSE,FALSE,TRUE,call_for_service,,1,1,1
URSUS-43-0000-2020-32c,CA0430000,1/9/2020,20:00,MILPITAS,SANTA CLARA,CA,95035,FALSE,FALSE,TRUE,TRUE,in_custody_event,booked_awaiting_trial,1,1,1
URSUS-43-0000-2020-35b,CA0430000,5/29/2020,21:08,SAN JOSE,SANTA CLARA,CA,95112,FALSE,FALSE,TRUE,TRUE,civil_disorder,,1,1,1
URSUS-43-0000-2020-5e8,CA0430000,1/31/2020,22:03,MORGAN HILL,SANTA CLARA,CA,95037,FALSE,FALSE,FALSE,TRUE,ambush,,1,1,1
URSUS-43-0000-2020-c3c,CA0430000,8/15/2020,22:36,MORGAN HILL,SANTA CLARA,CA,95037,FALSE,FALSE,TRUE,TRUE,call_for_service,,1,2,1
URSUS-43-0400-2020-88b,CA0430400,1/28/2020,2:45,GILROY,SANTA CLARA,CA,95020,FALSE,FALSE,TRUE,TRUE,call_for_service,,1,3,1
URSUS-43-0800-2020-2d6,CA0430800,6/21/2020,12:57,MILPITAS,SANTA CLARA,CA,95035,FALSE,FALSE,FALSE,TRUE,call_for_service,,1,2,1
URSUS-43-1300-2020-023,CA0431300,6/6/2020,19:37,SAN JOSE,SANTA CLARA,CA,95126,FALSE,FALSE,TRUE,TRUE,civil_disorder,,1,1,1
URSUS-43-1300-2020-099,CA0431300,1/4/2020,7:16,SAN JOSE,SANTA CLARA,CA,95122,FALSE,FALSE,TRUE,TRUE,call_for_service,,1,1,1
URSUS-43-1300-2020-0c5,CA0431300,5/29/2020,16:30,SAN JOSE,SANTA CLARA,CA,95112,FALSE,FALSE,TRUE,TRUE,civil_disorder,,3,2,1
URSUS-43-1300-2020-1d8,CA0431300,2/7/2020,18:38,SAN JOSE,SANTA CLARA,CA,95132,FALSE,FALSE,TRUE,TRUE,call_for_service,,1,1,1
URSUS-43-1300-2020-483,CA0431300,8/16/2020,18:09,SAN JOSE,SANTA CLARA,CA,95113,FALSE,FALSE,TRUE,TRUE,call_for_service,,1,1,1
URSUS-43-1300-2020-542,CA0431300,8/20/2020,20:17,CAMPBELL,SANTA CLARA,CA,95008,FALSE,FALSE,TRUE,TRUE,in_progress,,1,2,1
URSUS-43-1300-2020-575,CA0431300,5/1/2020,18:06,SAN JOSE,SANTA CLARA,CA,95116,FALSE,FALSE,TRUE,TRUE,in_progress,,1,1,1
URSUS-43-1300-2020-694,CA0431300,5/3/2020,8:17,SAN JOSE,SANTA CLARA,CA,95110,FALSE,FALSE,FALSE,TRUE,in_progress,,1,3,1
URSUS-43-1300-2020-9ac,CA0431300,3/3/2020,23:23,SAN JOSE,SANTA CLARA,CA,95126,FALSE,FALSE,TRUE,TRUE,in_progress,,1,1,1
URSUS-43-1300-2020-a36,CA0431300,8/17/2020,4:06,SAN JOSE,SANTA CLARA,CA,95122,FALSE,FALSE,TRUE,TRUE,in_progress,,2,1,1
URSUS-43-1300-2020-b2e,CA0431300,1/6/2020,1:10,SAN JOSE,SANTA CLARA,CA,95111,FALSE,FALSE,TRUE,TRUE,call_for_service,,1,2,1
URSUS-43-1300-2020-b4e,CA0431300,1/24/2020,18:00,SAN JOSE,SANTA CLARA,CA,95117,FALSE,FALSE,TRUE,TRUE,call_for_service,,1,1,1
URSUS-43-1300-2020-d0b,CA0431300,11/27/2020,18:37,SAN JOSE,SANTA CLARA,CA,95133,FALSE,FALSE,TRUE,TRUE,vehicle_bike_pedestrian,,1,1,1
URSUS-43-1300-2020-e47,CA0431300,7/6/2020,1:56,SAN JOSE,SANTA CLARA,CA,95123,FALSE,FALSE,TRUE,TRUE,call_for_service,,1,1,1
URSUS-43-1300-2020-ebd,CA0431300,6/2/2020,21:37,SAN JOSE,SANTA CLARA,CA,95112,FALSE,FALSE,TRUE,TRUE,civil_disorder,,1,1,1
URSUS-43-1400-2020-3de,CA0431400,3/31/2020,19:30,SANTA CLARA,SANTA CLARA,CA,95050,FALSE,FALSE,TRUE,TRUE,call_for_service,,1,2,1
URSUS-43-1400-2020-ecc,CA0431400,11/20/2020,15:30,SANTA CLARA,SANTA CLARA,CA,95050,FALSE,FALSE,TRUE,TRUE,call_for_service,,1,1,1
URSUS-44-0000-2020-6c7,CA0440000,6/6/2020,14:26,BOULDER CREEK,SANTA CRUZ,CA,95006,TRUE,FALSE,TRUE,TRUE,ambush,,1,5,2
URSUS-44-0100-2020-dd1,CA0440100,5/9/2020,0:32,CAPITOLA,SANTA CRUZ,CA,95010,FALSE,FALSE,TRUE,TRUE,vehicle_bike_pedestrian,,1,3,1
URSUS-44-0200-2020-703,CA0440200,2/29/2020,20:27,SANTA CRUZ,SANTA CRUZ,CA,95060,TRUE,FALSE,TRUE,TRUE,in_progress,,1,1,1
URSUS-45-0000-2020-40f,CA0450000,2/4/2020,14:29,IGO,SHASTA,CA,96047,FALSE,FALSE,FALSE,TRUE,call_for_service,,1,4,1
URSUS-45-0000-2020-aa6,CA0450000,6/2/2020,11:35,COTTONWOOD,SHASTA,CA,96022,FALSE,FALSE,FALSE,TRUE,call_for_service,,1,4,1
URSUS-45-0200-2020-27d,CA0450200,12/24/2020,18:42,REDDING,SHASTA,CA,96003,FALSE,FALSE,FALSE,TRUE,in_progress,,1,1,1
URSUS-45-0200-2020-52d,CA0450200,12/2/2020,18:32,REDDING,SHASTA,CA,96003,FALSE,FALSE,FALSE,TRUE,call_for_service,,1,2,1
URSUS-45-0200-2020-983,CA0450200,6/25/2020,1:36,REDDING,SHASTA,CA,96001,FALSE,FALSE,TRUE,TRUE,call_for_service,,1,2,1
URSUS-46-0000-2020-3c7,CA0460000,7/4/2020,18:08,DOWNIEVILLE,SIERRA,CA,95936,FALSE,FALSE,TRUE,TRUE,in_progress,,1,2,2
URSUS-47-0000-2020-171,CA0470000,3/16/2020,14:54,MONTAGUE,SISKIYOU,CA,96064,FALSE,FALSE,TRUE,TRUE,in_progress,,1,1,1
URSUS-47-0000-2020-24b,CA0470000,2/2/2020,7:27,MONTAGUE,SISKIYOU,CA,96064,FALSE,FALSE,TRUE,TRUE,vehicle_bike_pedestrian,,1,2,1
URSUS-47-0000-2020-398,CA0470000,4/15/2020,15:44,MOUNT SHASTA,SISKIYOU,CA,96067,FALSE,FALSE,TRUE,TRUE,pre_planned,,1,1,1
URSUS-47-0000-2020-665,CA0470000,8/5/2020,16:05,DUNSMUIR,SISKIYOU,CA,96025,FALSE,FALSE,TRUE,TRUE,call_for_service,,1,1,1
URSUS-47-0000-2020-91c,CA0470000,8/11/2020,11:40,HAPPY CAMP,SISKIYOU,CA,96039,FALSE,FALSE,TRUE,TRUE,pre_planned,,1,1,1
URSUS-47-0000-2020-a0c,CA0470000,11/20/2020,12:53,YREKA,SISKIYOU,CA,96097,FALSE,FALSE,TRUE,TRUE,in_progress,,1,1,1
URSUS-48-0000-2020-709,CA0480000,6/10/2020,10:09,FAIRFIELD,SOLANO,CA,94533,FALSE,FALSE,FALSE,TRUE,in_custody_event,booked_awaiting_trial,1,5,1
URSUS-48-0000-2020-add,CA0480000,1/18/2020,15:45,FAIRFIELD,SOLANO,CA,94533,FALSE,FALSE,FALSE,TRUE,in_custody_event,booked_awaiting_trial,1,1,1
URSUS-48-0300-2020-09f,CA0480300,3/3/2020,14:06,FAIRFIELD,SOLANO,CA,94533,FALSE,FALSE,TRUE,TRUE,vehicle_bike_pedestrian,,1,1,1
URSUS-48-0300-2020-23f,CA0480300,5/28/2020,15:47,FAIRFIELD,SOLANO,CA,94534,FALSE,FALSE,TRUE,TRUE,call_for_service,,1,1,1
URSUS-48-0300-2020-37a,CA0480300,10/10/2020,17:07,FAIRFIELD,SOLANO,CA,94533,FALSE,FALSE,TRUE,TRUE,call_for_service,,1,2,1
URSUS-48-0300-2020-ebd,CA0480300,6/20/2020,20:10,FAIRFIELD,SOLANO,CA,94533,FALSE,FALSE,TRUE,TRUE,call_for_service,,1,2,1
URSUS-48-0600-2020-24d,CA0480600,3/2/2020,1:36,VACAVILLE,SOLANO,CA,95687,FALSE,FALSE,FALSE,TRUE,call_for_service,,1,2,1
URSUS-48-0600-2020-2d9,CA0480600,5/29/2020,15:48,VACAVILLE,SOLANO,CA,95688,FALSE,FALSE,TRUE,TRUE,call_for_service,,1,1,1
URSUS-48-0600-2020-344,CA0480600,4/2/2020,1:30,VACAVILLE,SOLANO,CA,95687,FALSE,FALSE,TRUE,TRUE,call_for_service,,1,3,2
URSUS-48-0600-2020-3a8,CA0480600,1/16/2020,2:25,VACAVILLE,SOLANO,CA,95687,FALSE,FALSE,TRUE,TRUE,vehicle_bike_pedestrian,,1,1,1
URSUS-48-0600-2020-5e2,CA0480600,10/14/2020,16:01,VACAVILLE,SOLANO,CA,95687,FALSE,FALSE,TRUE,TRUE,in_progress,,1,1,1
URSUS-48-0600-2020-c4e,CA0480600,4/16/2020,19:21,VACAVILLE,SOLANO,CA,95688,FALSE,FALSE,TRUE,TRUE,vehicle_bike_pedestrian,,1,1,1
URSUS-48-0600-2020-d74,CA0480600,3/17/2020,2:06,VACAVILLE,SOLANO,CA,95688,FALSE,FALSE,TRUE,TRUE,call_for_service,,1,4,2
URSUS-48-0600-2020-e72,CA0480600,2/21/2020,1:26,FAIRFIELD,SOLANO,CA,94533,FALSE,FALSE,TRUE,TRUE,vehicle_bike_pedestrian,,1,1,1
URSUS-48-0600-2020-f14,CA0480600,5/1/2020,1:22,VACAVILLE,SOLANO,CA,95687,FALSE,FALSE,FALSE,TRUE,call_for_service,,1,1,1
URSUS-48-0700-2020-e6c,CA0480700,6/2/2020,0:37,VALLEJO,SOLANO,CA,94590,FALSE,FALSE,FALSE,TRUE,call_for_service,,1,1,1
URSUS-49-0000-2020-4f2,CA0490000,4/4/2020,16:42,GRATON,SONOMA,CA,95444,FALSE,FALSE,TRUE,TRUE,call_for_service,booked_no_charge,1,2,1
URSUS-49-0000-2020-f6d,CA0490000,8/15/2020,8:22,GUERNEVILLE,SONOMA,CA,95446,FALSE,FALSE,FALSE,TRUE,in_progress,,1,2,1
URSUS-49-0500-2020-8d8,CA0490500,5/30/2020,23:00,SANTA ROSA,SONOMA,CA,95401,FALSE,FALSE,FALSE,TRUE,civil_disorder,,2,1,1
URSUS-49-0500-2020-c8b,CA0490500,5/31/2020,0:30,SANTA ROSA,SONOMA,CA,95404,FALSE,FALSE,FALSE,TRUE,civil_disorder,,2,1,1
URSUS-50-0000-2020-103,CA0500000,9/11/2020,22:32,RIVERBANK,STANISLAUS,CA,95367,FALSE,FALSE,FALSE,TRUE,call_for_service,,1,1,1
URSUS-50-0000-2020-609,CA0500000,9/27/2020,4:13,MODESTO,STANISLAUS,CA,95354,FALSE,FALSE,FALSE,TRUE,in_progress,,1,2,1
URSUS-50-0000-2020-d08,CA0500000,11/8/2020,17:56,TURLOCK,STANISLAUS,CA,95382,FALSE,FALSE,FALSE,TRUE,call_for_service,,1,1,1
URSUS-50-0200-2020-1fd,CA0500200,5/25/2020,21:29,MODESTO,STANISLAUS,CA,95350,FALSE,FALSE,FALSE,TRUE,in_progress,,1,2,1
URSUS-50-0200-2020-7e0,CA0500200,12/29/2020,11:24,MODESTO,STANISLAUS,CA,95358,FALSE,FALSE,FALSE,TRUE,call_for_service,,1,1,1
URSUS-50-0200-2020-b6d,CA0500200,10/20/2020,11:53,STOCKTON,SAN JOAQUIN,CA,95207,FALSE,FALSE,TRUE,TRUE,pre_planned,,1,4,1
URSUS-50-0200-2020-ee3,CA0500200,10/21/2020,15:47,MODESTO,STANISLAUS,CA,95350,FALSE,FALSE,TRUE,TRUE,in_progress,,1,2,1
URSUS-51-0000-2020-9ee,CA0510000,10/9/2020,1:30,YUBA CITY,SUTTER,CA,95991,FALSE,FALSE,TRUE,TRUE,pre_planned,,1,3,1
URSUS-51-0200-2020-180,CA0510200,3/29/2020,12:10,YUBA CITY,SUTTER,CA,95993,FALSE,FALSE,TRUE,TRUE,call_for_service,,1,1,1
URSUS-51-0200-2020-b97,CA0510200,4/12/2020,13:15,YUBA CITY,SUTTER,CA,95993,FALSE,FALSE,TRUE,TRUE,call_for_service,,1,1,1
URSUS-51-0200-2020-c47,CA0510200,10/18/2020,14:11,MARYSVILLE,YUBA,CA,95901,FALSE,FALSE,FALSE,TRUE,call_for_service,,1,1,1
URSUS-51-0200-2020-cdd,CA0510200,7/31/2020,14:25,YUBA CITY,SUTTER,CA,95991,FALSE,FALSE,TRUE,TRUE,call_for_service,,1,2,1
URSUS-52-0200-2020-116,CA0520200,12/11/2020,7:01,CORNING,TEHAMA,CA,96021,FALSE,FALSE,TRUE,TRUE,pre_planned,,1,1,1
URSUS-52-0200-2020-4ff,CA0520200,6/27/2020,15:33,RED BLUFF,TEHAMA,CA,96080,FALSE,FALSE,FALSE,TRUE,in_progress,,1,2,1
URSUS-52-0200-2020-6d3,CA0520200,10/10/2020,15:15,RED BLUFF,TEHAMA,CA,96080,FALSE,FALSE,TRUE,TRUE,in_progress,,1,2,1
URSUS-52-0200-2020-896,CA0520200,2/19/2020,1:16,RED BLUFF,TEHAMA,CA,96080,FALSE,FALSE,FALSE,TRUE,call_for_service,,1,5,1
URSUS-54-0100-2020-97e,CA0540100,3/9/2020,13:30,DINUBA,TULARE,CA,93618,FALSE,FALSE,FALSE,TRUE,call_for_service,,1,2,1
URSUS-54-0500-2020-072,CA0540500,5/21/2020,9:07,PORTERVILLE,TULARE,CA,93257,FALSE,FALSE,TRUE,TRUE,call_for_service,,1,1,1
URSUS-54-0600-2020-339,CA0540600,9/25/2020,11:00,TULARE,TULARE,CA,93274,FALSE,FALSE,TRUE,TRUE,call_for_service,,1,3,1
URSUS-54-0600-2020-8f1,CA0540600,12/5/2020,21:43,TULARE,TULARE,CA,93274,FALSE,FALSE,TRUE,TRUE,call_for_service,,1,3,1
URSUS-54-0600-2020-b69,CA0540600,12/14/2020,2:00,TULARE,TULARE,CA,93274,FALSE,FALSE,TRUE,TRUE,in_progress,,1,1,1
URSUS-54-0700-2020-0c5,CA0540700,4/14/2020,20:53,VISALIA,TULARE,CA,93277,FALSE,FALSE,TRUE,TRUE,call_for_service,,1,3,1
URSUS-55-0000-2020-791,CA0550000,5/26/2020,13:08,JAMESTOWN,TUOLUMNE,CA,95327,FALSE,FALSE,FALSE,TRUE,pre_planned,,1,3,1
URSUS-56-0000-2020-0dd,CA0560000,10/4/2020,1:10,CAMARILLO,VENTURA,CA,93010,FALSE,FALSE,FALSE,TRUE,call_for_service,,1,2,1
URSUS-56-0800-2020-53c,CA0560800,7/21/2020,11:13,VENTURA,VENTURA,CA,93003,FALSE,FALSE,TRUE,TRUE,call_for_service,,1,1,1
URSUS-56-0800-2020-697,CA0560800,11/5/2020,19:26,VENTURA,VENTURA,CA,93001,FALSE,FALSE,FALSE,TRUE,vehicle_bike_pedestrian,,1,1,1
URSUS-56-0800-2020-f96,CA0560800,11/27/2020,21:32,VENTURA,VENTURA,CA,93001,FALSE,FALSE,TRUE,TRUE,call_for_service,,1,1,1
URSUS-57-0200-2020-a76,CA0570200,11/22/2020,18:53,WINTERS,YOLO,CA,95694,FALSE,FALSE,TRUE,TRUE,call_for_service,,1,3,2
URSUS-57-0400-2020-8f0,CA0570400,9/12/2020,2:57,WEST SACRAMENTO,YOLO,CA,95691,FALSE,FALSE,FALSE,TRUE,ambush,,1,4,1
URSUS-57-9700-2020-489,CA0579700,6/16/2020,12:24,SACRAMENTO,SACRAMENTO,CA,95817,FALSE,FALSE,TRUE,TRUE,call_for_service,,1,1,1
